source,industry_code,industry_name,query_year,sales_tax_year,business_count_year,sido_code,sido_name,sgg_code,sgg_name,avg_annual_sales_manwon,avg_monthly_sales_manwon,sales_yoy_rate,business_count,business_count_yoy_rate,avg_business_age_year,avg_business_age_month,male_business_count,female_business_count,raw_response
NTS_TASIS_LIVING_BUSINESS,001,가구점,2025,2024,2025,11,서울특별시,00000,합계,24871.0,2072.583333,2.89,983,1.44,12,7,684,299,"{""dc_sexDataList"":[{""VAL"":""69.6"",""CODE"":""01"",""LABEL"":""남자""},{""VAL"":""30.4"",""CODE"":""02"",""LABEL"":""여자""},{""VAL"":""0.0"",""CODE"":""03"",""LABEL"":""미상""}],""result"":""S"",""code"":"""",""dc_lvngTfbDetail"":{""SGG_CD"":""00000"",""FRS_RGT_DTM"":""20260402110334"",""SIDO_NM"":""서울특별시"",""N100_LVNG_TFB_NM"":""가구점"",""LST_ALT_DATA_MAAG_USER_ID"":""1"",""AGE_CNT_03"":""207"",""AGE_CNT_02"":""120"",""FRS_RGT_DATA_MAAG_PGM_ID"":""UTQMTDBA11"",""AGE_CNT_05"":""262"",""AGE_CNT_04"":""255"",""AGE_CNT_06"":""127"",""YR"":""2025"",""AVG_ASCD_MM_CNT"":7,""LST_ALT_DATA_MAAG_CL_CD"":""01"",""AGE_CNT_01"":""12"",""FRS_RGT_DATA_MAAG_CL_CD"":""01"",""LST_ALT_DTM"":""20260402110334"",""AVG_GIN_AMT"":24871.0,""PYR_CPR_AVG_GIN_AMT_INCR_RTE"":2.89,""FRS_RGT_DATA_MAAG_USER_ID"":""1"",""SIDO_CD"":""11"",""SGG_NM"":""합계"",""GIN_AMT_PCTL_RKG"":""25"",""THMA_STT_TBL_ID"":""TTQSNAI01T088712"",""INDC_ORDER"":5214,""TOTA_BMAN_CNT"":""983"",""PYR_CPR_TOT_BMAN_CNT_INCR_RTE"":1.44,""LST_ALT_DATA_MAAG_PGM_ID"":""UTQMTDBA11"",""SEX_CNT_01"":""684"",""AVG_ASCD_YM_CNT"":""151.035677"",""GIN_AMT_PCTL"":""292742571.75"",""SEX_CNT_02"":""299"",""SEX_CNT_03"":""0"",""N100_LVNG_TFB_CD"":""001"",""TOTA_BMAN_CNT_TEXT"":""983"",""AGE_CNT_10"":""0"",""AVG_ASCD_YY_CNT"":12},""message"":"""",""dc_ageDataList"":[{""VAL"":""1.2"",""CODE"":""01"",""LABEL"":""30세미만""},{""VAL"":""12.2"",""CODE"":""02"",""LABEL"":""30세이상""},{""VAL"":""21.1"",""CODE"":""03"",""LABEL"":""40세이상""},{""VAL"":""25.9"",""CODE"":""04"",""LABEL"":""50세이상""},{""VAL"":""26.7"",""CODE"":""05"",""LABEL"":""60세이상""},{""VAL"":""12.9"",""CODE"":""06"",""LABEL"":""70세이상""},{""VAL"":""0.0"",""CODE"":""10"",""LABEL"":""미상""}]}"
NTS_TASIS_LIVING_BUSINESS,002,가전제품판매점,2025,2024,2025,11,서울특별시,00000,합계,22369.0,1864.083333,-8.48,1442,-1.84,14,3,1137,305,"{""dc_sexDataList"":[{""VAL"":""78.8"",""CODE"":""01"",""LABEL"":""남자""},{""VAL"":""21.2"",""CODE"":""02"",""LABEL"":""여자""},{""VAL"":""0.0"",""CODE"":""03"",""LABEL"":""미상""}],""result"":""S"",""code"":"""",""dc_lvngTfbDetail"":{""SGG_CD"":""00000"",""FRS_RGT_DTM"":""20260402110334"",""SIDO_NM"":""서울특별시"",""N100_LVNG_TFB_NM"":""가전제품판매점"",""LST_ALT_DATA_MAAG_USER_ID"":""1"",""AGE_CNT_03"":""260"",""AGE_CNT_02"":""92"",""FRS_RGT_DATA_MAAG_PGM_ID"":""UTQMTDBA11"",""AGE_CNT_05"":""424"",""AGE_CNT_04"":""497"",""AGE_CNT_06"":""155"",""YR"":""2025"",""AVG_ASCD_MM_CNT"":3,""LST_ALT_DATA_MAAG_CL_CD"":""01"",""AGE_CNT_01"":""14"",""FRS_RGT_DATA_MAAG_CL_CD"":""01"",""LST_ALT_DTM"":""20260402110334"",""AVG_GIN_AMT"":22369.0,""PYR_CPR_AVG_GIN_AMT_INCR_RTE"":-8.48,""FRS_RGT_DATA_MAAG_USER_ID"":""1"",""SIDO_CD"":""11"",""SGG_NM"":""합계"",""GIN_AMT_PCTL_RKG"":""20"",""THMA_STT_TBL_ID"":""TTQSNAI01T088712"",""INDC_ORDER"":10319,""TOTA_BMAN_CNT"":""1442"",""PYR_CPR_TOT_BMAN_CNT_INCR_RTE"":-1.84,""LST_ALT_DATA_MAAG_PGM_ID"":""UTQMTDBA11"",""SEX_CNT_01"":""1137"",""AVG_ASCD_YM_CNT"":""171.477591"",""GIN_AMT_PCTL"":""284081782.40"",""SEX_CNT_02"":""305"",""SEX_CNT_03"":""0"",""N100_LVNG_TFB_CD"":""002"",""TOTA_BMAN_CNT_TEXT"":""1442"",""AGE_CNT_10"":""0"",""AVG_ASCD_YY_CNT"":14},""message"":"""",""dc_ageDataList"":[{""VAL"":""1.0"",""CODE"":""01"",""LABEL"":""30세미만""},{""VAL"":""6.4"",""CODE"":""02"",""LABEL"":""30세이상""},{""VAL"":""18.0"",""CODE"":""03"",""LABEL"":""40세이상""},{""VAL"":""34.5"",""CODE"":""04"",""LABEL"":""50세이상""},{""VAL"":""29.4"",""CODE"":""05"",""LABEL"":""60세이상""},{""VAL"":""10.7"",""CODE"":""06"",""LABEL"":""70세이상""},{""VAL"":""0.0"",""CODE"":""10"",""LABEL"":""미상""}]}"
NTS_TASIS_LIVING_BUSINESS,003,건강보조식품가게,2025,2024,2025,11,서울특별시,00000,합계,12572.0,1047.666667,1.88,2599,-1.37,7,9,1234,1365,"{""dc_sexDataList"":[{""VAL"":""47.5"",""CODE"":""01"",""LABEL"":""남자""},{""VAL"":""52.5"",""CODE"":""02"",""LABEL"":""여자""},{""VAL"":""0.0"",""CODE"":""03"",""LABEL"":""미상""}],""result"":""S"",""code"":"""",""dc_lvngTfbDetail"":{""SGG_CD"":""00000"",""FRS_RGT_DTM"":""20260402110334"",""SIDO_NM"":""서울특별시"",""N100_LVNG_TFB_NM"":""건강보조식품가게"",""LST_ALT_DATA_MAAG_USER_ID"":""1"",""AGE_CNT_03"":""586"",""AGE_CNT_02"":""283"",""FRS_RGT_DATA_MAAG_PGM_ID"":""UTQMTDBA11"",""AGE_CNT_05"":""664"",""AGE_CNT_04"":""733"",""AGE_CNT_06"":""277"",""YR"":""2025"",""AVG_ASCD_MM_CNT"":9,""LST_ALT_DATA_MAAG_CL_CD"":""01"",""AGE_CNT_01"":""56"",""FRS_RGT_DATA_MAAG_CL_CD"":""01"",""LST_ALT_DTM"":""20260402110334"",""AVG_GIN_AMT"":12572.0,""PYR_CPR_AVG_GIN_AMT_INCR_RTE"":1.88,""FRS_RGT_DATA_MAAG_USER_ID"":""1"",""SIDO_CD"":""11"",""SGG_NM"":""합계"",""GIN_AMT_PCTL_RKG"":""15"",""THMA_STT_TBL_ID"":""TTQSNAI01T088712"",""INDC_ORDER"":15505,""TOTA_BMAN_CNT"":""2599"",""PYR_CPR_TOT_BMAN_CNT_INCR_RTE"":-1.37,""LST_ALT_DATA_MAAG_PGM_ID"":""UTQMTDBA11"",""SEX_CNT_01"":""1234"",""AVG_ASCD_YM_CNT"":""93.696841"",""GIN_AMT_PCTL"":""235007178.30"",""SEX_CNT_02"":""1365"",""SEX_CNT_03"":""0"",""N100_LVNG_TFB_CD"":""003"",""TOTA_BMAN_CNT_TEXT"":""2599"",""AGE_CNT_10"":""0"",""AVG_ASCD_YY_CNT"":7},""message"":"""",""dc_ageDataList"":[{""VAL"":""2.2"",""CODE"":""01"",""LABEL"":""30세미만""},{""VAL"":""10.9"",""CODE"":""02"",""LABEL"":""30세이상""},{""VAL"":""22.5"",""CODE"":""03"",""LABEL"":""40세이상""},{""VAL"":""28.2"",""CODE"":""04"",""LABEL"":""50세이상""},{""VAL"":""25.5"",""CODE"":""05"",""LABEL"":""60세이상""},{""VAL"":""10.7"",""CODE"":""06"",""LABEL"":""70세이상""},{""VAL"":""0.0"",""CODE"":""10"",""LABEL"":""미상""}]}"
NTS_TASIS_LIVING_BUSINESS,004,건어물가게,2025,2024,2025,11,서울특별시,00000,합계,16913.0,1409.416667,-2.02,721,-2.44,12,0,401,320,"{""dc_sexDataList"":[{""VAL"":""55.6"",""CODE"":""01"",""LABEL"":""남자""},{""VAL"":""44.4"",""CODE"":""02"",""LABEL"":""여자""},{""VAL"":""0.0"",""CODE"":""03"",""LABEL"":""미상""}],""result"":""S"",""code"":"""",""dc_lvngTfbDetail"":{""SGG_CD"":""00000"",""FRS_RGT_DTM"":""20260402110334"",""SIDO_NM"":""서울특별시"",""N100_LVNG_TFB_NM"":""건어물가게"",""LST_ALT_DATA_MAAG_USER_ID"":""1"",""AGE_CNT_03"":""86"",""AGE_CNT_02"":""33"",""FRS_RGT_DATA_MAAG_PGM_ID"":""UTQMTDBA11"",""AGE_CNT_05"":""284"",""AGE_CNT_04"":""161"",""AGE_CNT_06"":""148"",""YR"":""2025"",""AVG_ASCD_MM_CNT"":0,""LST_ALT_DATA_MAAG_CL_CD"":""01"",""AGE_CNT_01"":""9"",""FRS_RGT_DATA_MAAG_CL_CD"":""01"",""LST_ALT_DTM"":""20260402110334"",""AVG_GIN_AMT"":16913.0,""PYR_CPR_AVG_GIN_AMT_INCR_RTE"":-2.02,""FRS_RGT_DATA_MAAG_USER_ID"":""1"",""SIDO_CD"":""11"",""SGG_NM"":""합계"",""GIN_AMT_PCTL_RKG"":""20"",""THMA_STT_TBL_ID"":""TTQSNAI01T088712"",""INDC_ORDER"":20693,""TOTA_BMAN_CNT"":""721"",""PYR_CPR_TOT_BMAN_CNT_INCR_RTE"":-2.44,""LST_ALT_DATA_MAAG_PGM_ID"":""UTQMTDBA11"",""SEX_CNT_01"":""401"",""AVG_ASCD_YM_CNT"":""144.902912"",""GIN_AMT_PCTL"":""254974273.00"",""SEX_CNT_02"":""320"",""SEX_CNT_03"":""0"",""N100_LVNG_TFB_CD"":""004"",""TOTA_BMAN_CNT_TEXT"":""721"",""AGE_CNT_10"":""0"",""AVG_ASCD_YY_CNT"":12},""message"":"""",""dc_ageDataList"":[{""VAL"":""1.2"",""CODE"":""01"",""LABEL"":""30세미만""},{""VAL"":""4.6"",""CODE"":""02"",""LABEL"":""30세이상""},{""VAL"":""11.9"",""CODE"":""03"",""LABEL"":""40세이상""},{""VAL"":""22.3"",""CODE"":""04"",""LABEL"":""50세이상""},{""VAL"":""39.4"",""CODE"":""05"",""LABEL"":""60세이상""},{""VAL"":""20.5"",""CODE"":""06"",""LABEL"":""70세이상""},{""VAL"":""0.0"",""CODE"":""10"",""LABEL"":""미상""}]}"
NTS_TASIS_LIVING_BUSINESS,005,곡물가게,2025,2024,2025,11,서울특별시,00000,합계,22926.0,1910.5,3.43,553,-3.49,13,6,393,160,"{""dc_sexDataList"":[{""VAL"":""71.1"",""CODE"":""01"",""LABEL"":""남자""},{""VAL"":""28.9"",""CODE"":""02"",""LABEL"":""여자""},{""VAL"":""0.0"",""CODE"":""03"",""LABEL"":""미상""}],""result"":""S"",""code"":"""",""dc_lvngTfbDetail"":{""SGG_CD"":""00000"",""FRS_RGT_DTM"":""20260402110334"",""SIDO_NM"":""서울특별시"",""N100_LVNG_TFB_NM"":""곡물가게"",""LST_ALT_DATA_MAAG_USER_ID"":""1"",""AGE_CNT_03"":""76"",""AGE_CNT_02"":""30"",""FRS_RGT_DATA_MAAG_PGM_ID"":""UTQMTDBA11"",""AGE_CNT_05"":""200"",""AGE_CNT_04"":""120"",""AGE_CNT_06"":""118"",""YR"":""2025"",""AVG_ASCD_MM_CNT"":6,""LST_ALT_DATA_MAAG_CL_CD"":""01"",""AGE_CNT_01"":""9"",""FRS_RGT_DATA_MAAG_CL_CD"":""01"",""LST_ALT_DTM"":""20260402110334"",""AVG_GIN_AMT"":22926.0,""PYR_CPR_AVG_GIN_AMT_INCR_RTE"":3.43,""FRS_RGT_DATA_MAAG_USER_ID"":""1"",""SIDO_CD"":""11"",""SGG_NM"":""합계"",""GIN_AMT_PCTL_RKG"":""20"",""THMA_STT_TBL_ID"":""TTQSNAI01T088712"",""INDC_ORDER"":25779,""TOTA_BMAN_CNT"":""553"",""PYR_CPR_TOT_BMAN_CNT_INCR_RTE"":-3.49,""LST_ALT_DATA_MAAG_PGM_ID"":""UTQMTDBA11"",""SEX_CNT_01"":""393"",""AVG_ASCD_YM_CNT"":""162.090579"",""GIN_AMT_PCTL"":""299792820.60"",""SEX_CNT_02"":""160"",""SEX_CNT_03"":""0"",""N100_LVNG_TFB_CD"":""005"",""TOTA_BMAN_CNT_TEXT"":""553"",""AGE_CNT_10"":""0"",""AVG_ASCD_YY_CNT"":13},""message"":"""",""dc_ageDataList"":[{""VAL"":""1.6"",""CODE"":""01"",""LABEL"":""30세미만""},{""VAL"":""5.4"",""CODE"":""02"",""LABEL"":""30세이상""},{""VAL"":""13.7"",""CODE"":""03"",""LABEL"":""40세이상""},{""VAL"":""21.7"",""CODE"":""04"",""LABEL"":""50세이상""},{""VAL"":""36.2"",""CODE"":""05"",""LABEL"":""60세이상""},{""VAL"":""21.3"",""CODE"":""06"",""LABEL"":""70세이상""},{""VAL"":""0.0"",""CODE"":""10"",""LABEL"":""미상""}]}"
NTS_TASIS_LIVING_BUSINESS,006,과일가게,2025,2024,2025,11,서울특별시,00000,합계,32676.0,2723.0,7.48,1357,0.59,7,8,860,497,"{""dc_sexDataList"":[{""VAL"":""63.4"",""CODE"":""01"",""LABEL"":""남자""},{""VAL"":""36.6"",""CODE"":""02"",""LABEL"":""여자""},{""VAL"":""0.0"",""CODE"":""03"",""LABEL"":""미상""}],""result"":""S"",""code"":"""",""dc_lvngTfbDetail"":{""SGG_CD"":""00000"",""FRS_RGT_DTM"":""20260402110334"",""SIDO_NM"":""서울특별시"",""N100_LVNG_TFB_NM"":""과일가게"",""LST_ALT_DATA_MAAG_USER_ID"":""1"",""AGE_CNT_03"":""250"",""AGE_CNT_02"":""179"",""FRS_RGT_DATA_MAAG_PGM_ID"":""UTQMTDBA11"",""AGE_CNT_05"":""419"",""AGE_CNT_04"":""317"",""AGE_CNT_06"":""154"",""YR"":""2025"",""AVG_ASCD_MM_CNT"":8,""LST_ALT_DATA_MAAG_CL_CD"":""01"",""AGE_CNT_01"":""38"",""FRS_RGT_DATA_MAAG_CL_CD"":""01"",""LST_ALT_DTM"":""20260402110334"",""AVG_GIN_AMT"":32676.0,""PYR_CPR_AVG_GIN_AMT_INCR_RTE"":7.48,""FRS_RGT_DATA_MAAG_USER_ID"":""1"",""SIDO_CD"":""11"",""SGG_NM"":""합계"",""GIN_AMT_PCTL_RKG"":""35"",""THMA_STT_TBL_ID"":""TTQSNAI01T088712"",""INDC_ORDER"":30888,""TOTA_BMAN_CNT"":""1357"",""PYR_CPR_TOT_BMAN_CNT_INCR_RTE"":0.59,""LST_ALT_DATA_MAAG_PGM_ID"":""UTQMTDBA11"",""SEX_CNT_01"":""860"",""AVG_ASCD_YM_CNT"":""92.261799"",""GIN_AMT_PCTL"":""288224011.20"",""SEX_CNT_02"":""497"",""SEX_CNT_03"":""0"",""N100_LVNG_TFB_CD"":""006"",""TOTA_BMAN_CNT_TEXT"":""1357"",""AGE_CNT_10"":""0"",""AVG_ASCD_YY_CNT"":7},""message"":"""",""dc_ageDataList"":[{""VAL"":""2.8"",""CODE"":""01"",""LABEL"":""30세미만""},{""VAL"":""13.2"",""CODE"":""02"",""LABEL"":""30세이상""},{""VAL"":""18.4"",""CODE"":""03"",""LABEL"":""40세이상""},{""VAL"":""23.4"",""CODE"":""04"",""LABEL"":""50세이상""},{""VAL"":""30.9"",""CODE"":""05"",""LABEL"":""60세이상""},{""VAL"":""11.3"",""CODE"":""06"",""LABEL"":""70세이상""},{""VAL"":""0.0"",""CODE"":""10"",""LABEL"":""미상""}]}"
NTS_TASIS_LIVING_BUSINESS,007,꽃가게,2025,2024,2025,11,서울특별시,00000,합계,8868.0,739.0,2.43,4959,0.24,10,4,1216,3743,"{""dc_sexDataList"":[{""VAL"":""24.5"",""CODE"":""01"",""LABEL"":""남자""},{""VAL"":""75.5"",""CODE"":""02"",""LABEL"":""여자""},{""VAL"":""0.0"",""CODE"":""03"",""LABEL"":""미상""}],""result"":""S"",""code"":"""",""dc_lvngTfbDetail"":{""SGG_CD"":""00000"",""FRS_RGT_DTM"":""20260402110334"",""SIDO_NM"":""서울특별시"",""N100_LVNG_TFB_NM"":""꽃가게"",""LST_ALT_DATA_MAAG_USER_ID"":""1"",""AGE_CNT_03"":""1005"",""AGE_CNT_02"":""1188"",""FRS_RGT_DATA_MAAG_PGM_ID"":""UTQMTDBA11"",""AGE_CNT_05"":""1070"",""AGE_CNT_04"":""1019"",""AGE_CNT_06"":""466"",""YR"":""2025"",""AVG_ASCD_MM_CNT"":4,""LST_ALT_DATA_MAAG_CL_CD"":""01"",""AGE_CNT_01"":""211"",""FRS_RGT_DATA_MAAG_CL_CD"":""01"",""LST_ALT_DTM"":""20260402110334"",""AVG_GIN_AMT"":8868.0,""PYR_CPR_AVG_GIN_AMT_INCR_RTE"":2.43,""FRS_RGT_DATA_MAAG_USER_ID"":""1"",""SIDO_CD"":""11"",""SGG_NM"":""합계"",""GIN_AMT_PCTL_RKG"":""5"",""THMA_STT_TBL_ID"":""TTQSNAI01T088712"",""INDC_ORDER"":36069,""TOTA_BMAN_CNT"":""4959"",""PYR_CPR_TOT_BMAN_CNT_INCR_RTE"":0.24,""LST_ALT_DATA_MAAG_PGM_ID"":""UTQMTDBA11"",""SEX_CNT_01"":""1216"",""AVG_ASCD_YM_CNT"":""124.956090"",""GIN_AMT_PCTL"":""299572104.80"",""SEX_CNT_02"":""3743"",""SEX_CNT_03"":""0"",""N100_LVNG_TFB_CD"":""007"",""TOTA_BMAN_CNT_TEXT"":""4959"",""AGE_CNT_10"":""0"",""AVG_ASCD_YY_CNT"":10},""message"":"""",""dc_ageDataList"":[{""VAL"":""4.3"",""CODE"":""01"",""LABEL"":""30세미만""},{""VAL"":""24.0"",""CODE"":""02"",""LABEL"":""30세이상""},{""VAL"":""20.3"",""CODE"":""03"",""LABEL"":""40세이상""},{""VAL"":""20.5"",""CODE"":""04"",""LABEL"":""50세이상""},{""VAL"":""21.6"",""CODE"":""05"",""LABEL"":""60세이상""},{""VAL"":""9.4"",""CODE"":""06"",""LABEL"":""70세이상""},{""VAL"":""0.0"",""CODE"":""10"",""LABEL"":""미상""}]}"
NTS_TASIS_LIVING_BUSINESS,008,담배ㆍ복권소매업,2025,2024,2025,11,서울특별시,00000,합계,10030.0,835.833333,-2.65,2199,5.01,14,9,1282,916,"{""dc_sexDataList"":[{""VAL"":""58.3"",""CODE"":""01"",""LABEL"":""남자""},{""VAL"":""41.7"",""CODE"":""02"",""LABEL"":""여자""},{""VAL"":""0.0"",""CODE"":""03"",""LABEL"":""미상""}],""result"":""S"",""code"":"""",""dc_lvngTfbDetail"":{""SGG_CD"":""00000"",""FRS_RGT_DTM"":""20260402110334"",""SIDO_NM"":""서울특별시"",""N100_LVNG_TFB_NM"":""담배ㆍ복권소매업"",""LST_ALT_DATA_MAAG_USER_ID"":""1"",""AGE_CNT_03"":""333"",""AGE_CNT_02"":""171"",""FRS_RGT_DATA_MAAG_PGM_ID"":""UTQMTDBA11"",""AGE_CNT_05"":""541"",""AGE_CNT_04"":""403"",""AGE_CNT_06"":""717"",""YR"":""2025"",""AVG_ASCD_MM_CNT"":9,""LST_ALT_DATA_MAAG_CL_CD"":""01"",""AGE_CNT_01"":""33"",""FRS_RGT_DATA_MAAG_CL_CD"":""01"",""LST_ALT_DTM"":""20260402110334"",""AVG_GIN_AMT"":10030.0,""PYR_CPR_AVG_GIN_AMT_INCR_RTE"":-2.65,""FRS_RGT_DATA_MAAG_USER_ID"":""1"",""SIDO_CD"":""11"",""SGG_NM"":""합계"",""GIN_AMT_PCTL_RKG"":""10"",""THMA_STT_TBL_ID"":""TTQSNAI01T088712"",""INDC_ORDER"":41257,""TOTA_BMAN_CNT"":""2199"",""PYR_CPR_TOT_BMAN_CNT_INCR_RTE"":5.01,""LST_ALT_DATA_MAAG_PGM_ID"":""UTQMTDBA11"",""SEX_CNT_01"":""1282"",""AVG_ASCD_YM_CNT"":""177.672003"",""GIN_AMT_PCTL"":""218683796.80"",""SEX_CNT_02"":""916"",""SEX_CNT_03"":""1"",""N100_LVNG_TFB_CD"":""008"",""TOTA_BMAN_CNT_TEXT"":""2199"",""AGE_CNT_10"":""1"",""AVG_ASCD_YY_CNT"":14},""message"":"""",""dc_ageDataList"":[{""VAL"":""1.5"",""CODE"":""01"",""LABEL"":""30세미만""},{""VAL"":""7.8"",""CODE"":""02"",""LABEL"":""30세이상""},{""VAL"":""15.1"",""CODE"":""03"",""LABEL"":""40세이상""},{""VAL"":""18.3"",""CODE"":""04"",""LABEL"":""50세이상""},{""VAL"":""24.6"",""CODE"":""05"",""LABEL"":""60세이상""},{""VAL"":""32.6"",""CODE"":""06"",""LABEL"":""70세이상""},{""VAL"":""0.0"",""CODE"":""10"",""LABEL"":""미상""}]}"
NTS_TASIS_LIVING_BUSINESS,009,문구점,2025,2024,2025,11,서울특별시,00000,합계,14820.0,1235.0,-1.0,1576,-2.66,11,8,755,821,"{""dc_sexDataList"":[{""VAL"":""47.9"",""CODE"":""01"",""LABEL"":""남자""},{""VAL"":""52.1"",""CODE"":""02"",""LABEL"":""여자""},{""VAL"":""0.0"",""CODE"":""03"",""LABEL"":""미상""}],""result"":""S"",""code"":"""",""dc_lvngTfbDetail"":{""SGG_CD"":""00000"",""FRS_RGT_DTM"":""20260402110334"",""SIDO_NM"":""서울특별시"",""N100_LVNG_TFB_NM"":""문구점"",""LST_ALT_DATA_MAAG_USER_ID"":""1"",""AGE_CNT_03"":""334"",""AGE_CNT_02"":""221"",""FRS_RGT_DATA_MAAG_PGM_ID"":""UTQMTDBA11"",""AGE_CNT_05"":""366"",""AGE_CNT_04"":""393"",""AGE_CNT_06"":""191"",""YR"":""2025"",""AVG_ASCD_MM_CNT"":8,""LST_ALT_DATA_MAAG_CL_CD"":""01"",""AGE_CNT_01"":""71"",""FRS_RGT_DATA_MAAG_CL_CD"":""01"",""LST_ALT_DTM"":""20260402110334"",""AVG_GIN_AMT"":14820.0,""PYR_CPR_AVG_GIN_AMT_INCR_RTE"":-1.0,""FRS_RGT_DATA_MAAG_USER_ID"":""1"",""SIDO_CD"":""11"",""SGG_NM"":""합계"",""GIN_AMT_PCTL_RKG"":""15"",""THMA_STT_TBL_ID"":""TTQSNAI01T088712"",""INDC_ORDER"":46445,""TOTA_BMAN_CNT"":""1576"",""PYR_CPR_TOT_BMAN_CNT_INCR_RTE"":-2.66,""LST_ALT_DATA_MAAG_PGM_ID"":""UTQMTDBA11"",""SEX_CNT_01"":""755"",""AVG_ASCD_YM_CNT"":""140.330368"",""GIN_AMT_PCTL"":""240767998.70"",""SEX_CNT_02"":""821"",""SEX_CNT_03"":""0"",""N100_LVNG_TFB_CD"":""009"",""TOTA_BMAN_CNT_TEXT"":""1576"",""AGE_CNT_10"":""0"",""AVG_ASCD_YY_CNT"":11},""message"":"""",""dc_ageDataList"":[{""VAL"":""4.5"",""CODE"":""01"",""LABEL"":""30세미만""},{""VAL"":""14.0"",""CODE"":""02"",""LABEL"":""30세이상""},{""VAL"":""21.2"",""CODE"":""03"",""LABEL"":""40세이상""},{""VAL"":""24.9"",""CODE"":""04"",""LABEL"":""50세이상""},{""VAL"":""23.2"",""CODE"":""05"",""LABEL"":""60세이상""},{""VAL"":""12.1"",""CODE"":""06"",""LABEL"":""70세이상""},{""VAL"":""0.0"",""CODE"":""10"",""LABEL"":""미상""}]}"
NTS_TASIS_LIVING_BUSINESS,010,생선가게,2025,2024,2025,11,서울특별시,00000,합계,33821.0,2818.416667,0.43,1347,-2.81,11,9,866,480,"{""dc_sexDataList"":[{""VAL"":""64.3"",""CODE"":""01"",""LABEL"":""남자""},{""VAL"":""35.6"",""CODE"":""02"",""LABEL"":""여자""},{""VAL"":""0.1"",""CODE"":""03"",""LABEL"":""미상""}],""result"":""S"",""code"":"""",""dc_lvngTfbDetail"":{""SGG_CD"":""00000"",""FRS_RGT_DTM"":""20260402110334"",""SIDO_NM"":""서울특별시"",""N100_LVNG_TFB_NM"":""생선가게"",""LST_ALT_DATA_MAAG_USER_ID"":""1"",""AGE_CNT_03"":""228"",""AGE_CNT_02"":""118"",""FRS_RGT_DATA_MAAG_PGM_ID"":""UTQMTDBA11"",""AGE_CNT_05"":""408"",""AGE_CNT_04"":""412"",""AGE_CNT_06"":""160"",""YR"":""2025"",""AVG_ASCD_MM_CNT"":9,""LST_ALT_DATA_MAAG_CL_CD"":""01"",""AGE_CNT_01"":""20"",""FRS_RGT_DATA_MAAG_CL_CD"":""01"",""LST_ALT_DTM"":""20260402110334"",""AVG_GIN_AMT"":33821.0,""PYR_CPR_AVG_GIN_AMT_INCR_RTE"":0.43,""FRS_RGT_DATA_MAAG_USER_ID"":""1"",""SIDO_CD"":""11"",""SGG_NM"":""합계"",""GIN_AMT_PCTL_RKG"":""40"",""THMA_STT_TBL_ID"":""TTQSNAI01T088712"",""INDC_ORDER"":51637,""TOTA_BMAN_CNT"":""1347"",""PYR_CPR_TOT_BMAN_CNT_INCR_RTE"":-2.81,""LST_ALT_DATA_MAAG_PGM_ID"":""UTQMTDBA11"",""SEX_CNT_01"":""866"",""AVG_ASCD_YM_CNT"":""141.227237"",""GIN_AMT_PCTL"":""297956400.00"",""SEX_CNT_02"":""480"",""SEX_CNT_03"":""1"",""N100_LVNG_TFB_CD"":""010"",""TOTA_BMAN_CNT_TEXT"":""1347"",""AGE_CNT_10"":""1"",""AVG_ASCD_YY_CNT"":11},""message"":"""",""dc_ageDataList"":[{""VAL"":""1.5"",""CODE"":""01"",""LABEL"":""30세미만""},{""VAL"":""8.8"",""CODE"":""02"",""LABEL"":""30세이상""},{""VAL"":""16.9"",""CODE"":""03"",""LABEL"":""40세이상""},{""VAL"":""30.6"",""CODE"":""04"",""LABEL"":""50세이상""},{""VAL"":""30.3"",""CODE"":""05"",""LABEL"":""60세이상""},{""VAL"":""11.9"",""CODE"":""06"",""LABEL"":""70세이상""},{""VAL"":""0.1"",""CODE"":""10"",""LABEL"":""미상""}]}"
NTS_TASIS_LIVING_BUSINESS,011,서점,2025,2024,2025,11,서울특별시,00000,합계,18127.0,1510.583333,-3.19,1885,0.86,9,8,964,919,"{""dc_sexDataList"":[{""VAL"":""51.1"",""CODE"":""01"",""LABEL"":""남자""},{""VAL"":""48.8"",""CODE"":""02"",""LABEL"":""여자""},{""VAL"":""0.1"",""CODE"":""03"",""LABEL"":""미상""}],""result"":""S"",""code"":"""",""dc_lvngTfbDetail"":{""SGG_CD"":""00000"",""FRS_RGT_DTM"":""20260402110334"",""SIDO_NM"":""서울특별시"",""N100_LVNG_TFB_NM"":""서점"",""LST_ALT_DATA_MAAG_USER_ID"":""1"",""AGE_CNT_03"":""460"",""AGE_CNT_02"":""231"",""FRS_RGT_DATA_MAAG_PGM_ID"":""UTQMTDBA11"",""AGE_CNT_05"":""415"",""AGE_CNT_04"":""553"",""AGE_CNT_06"":""181"",""YR"":""2025"",""AVG_ASCD_MM_CNT"":8,""LST_ALT_DATA_MAAG_CL_CD"":""01"",""AGE_CNT_01"":""43"",""FRS_RGT_DATA_MAAG_CL_CD"":""01"",""LST_ALT_DTM"":""20260402110334"",""AVG_GIN_AMT"":18127.0,""PYR_CPR_AVG_GIN_AMT_INCR_RTE"":-3.19,""FRS_RGT_DATA_MAAG_USER_ID"":""1"",""SIDO_CD"":""11"",""SGG_NM"":""합계"",""GIN_AMT_PCTL_RKG"":""20"",""THMA_STT_TBL_ID"":""TTQSNAI01T088712"",""INDC_ORDER"":56780,""TOTA_BMAN_CNT"":""1885"",""PYR_CPR_TOT_BMAN_CNT_INCR_RTE"":0.86,""LST_ALT_DATA_MAAG_PGM_ID"":""UTQMTDBA11"",""SEX_CNT_01"":""964"",""AVG_ASCD_YM_CNT"":""116.471808"",""GIN_AMT_PCTL"":""256385869.40"",""SEX_CNT_02"":""919"",""SEX_CNT_03"":""2"",""N100_LVNG_TFB_CD"":""011"",""TOTA_BMAN_CNT_TEXT"":""1885"",""AGE_CNT_10"":""2"",""AVG_ASCD_YY_CNT"":9},""message"":"""",""dc_ageDataList"":[{""VAL"":""2.3"",""CODE"":""01"",""LABEL"":""30세미만""},{""VAL"":""12.3"",""CODE"":""02"",""LABEL"":""30세이상""},{""VAL"":""24.4"",""CODE"":""03"",""LABEL"":""40세이상""},{""VAL"":""29.3"",""CODE"":""04"",""LABEL"":""50세이상""},{""VAL"":""22.0"",""CODE"":""05"",""LABEL"":""60세이상""},{""VAL"":""9.6"",""CODE"":""06"",""LABEL"":""70세이상""},{""VAL"":""0.1"",""CODE"":""10"",""LABEL"":""미상""}]}"
NTS_TASIS_LIVING_BUSINESS,012,슈퍼마켓,2025,2024,2025,11,서울특별시,00000,합계,89511.0,7459.25,-1.41,3416,-0.55,8,9,2036,1380,"{""dc_sexDataList"":[{""VAL"":""59.6"",""CODE"":""01"",""LABEL"":""남자""},{""VAL"":""40.4"",""CODE"":""02"",""LABEL"":""여자""},{""VAL"":""0.0"",""CODE"":""03"",""LABEL"":""미상""}],""result"":""S"",""code"":"""",""dc_lvngTfbDetail"":{""SGG_CD"":""00000"",""FRS_RGT_DTM"":""20260402110334"",""SIDO_NM"":""서울특별시"",""N100_LVNG_TFB_NM"":""슈퍼마켓"",""LST_ALT_DATA_MAAG_USER_ID"":""1"",""AGE_CNT_03"":""775"",""AGE_CNT_02"":""369"",""FRS_RGT_DATA_MAAG_PGM_ID"":""UTQMTDBA11"",""AGE_CNT_05"":""802"",""AGE_CNT_04"":""1105"",""AGE_CNT_06"":""282"",""YR"":""2025"",""AVG_ASCD_MM_CNT"":9,""LST_ALT_DATA_MAAG_CL_CD"":""01"",""AGE_CNT_01"":""83"",""FRS_RGT_DATA_MAAG_CL_CD"":""01"",""LST_ALT_DTM"":""20260402110334"",""AVG_GIN_AMT"":89511.0,""PYR_CPR_AVG_GIN_AMT_INCR_RTE"":-1.41,""FRS_RGT_DATA_MAAG_USER_ID"":""1"",""SIDO_CD"":""11"",""SGG_NM"":""합계"",""GIN_AMT_PCTL_RKG"":""50"",""THMA_STT_TBL_ID"":""TTQSNAI01T088712"",""INDC_ORDER"":61890,""TOTA_BMAN_CNT"":""3416"",""PYR_CPR_TOT_BMAN_CNT_INCR_RTE"":-0.55,""LST_ALT_DATA_MAAG_PGM_ID"":""UTQMTDBA11"",""SEX_CNT_01"":""2036"",""AVG_ASCD_YM_CNT"":""105.612540"",""GIN_AMT_PCTL"":""242518529.00"",""SEX_CNT_02"":""1380"",""SEX_CNT_03"":""0"",""N100_LVNG_TFB_CD"":""012"",""TOTA_BMAN_CNT_TEXT"":""3416"",""AGE_CNT_10"":""0"",""AVG_ASCD_YY_CNT"":8},""message"":"""",""dc_ageDataList"":[{""VAL"":""2.4"",""CODE"":""01"",""LABEL"":""30세미만""},{""VAL"":""10.8"",""CODE"":""02"",""LABEL"":""30세이상""},{""VAL"":""22.7"",""CODE"":""03"",""LABEL"":""40세이상""},{""VAL"":""32.3"",""CODE"":""04"",""LABEL"":""50세이상""},{""VAL"":""23.5"",""CODE"":""05"",""LABEL"":""60세이상""},{""VAL"":""8.3"",""CODE"":""06"",""LABEL"":""70세이상""},{""VAL"":""0.0"",""CODE"":""10"",""LABEL"":""미상""}]}"
NTS_TASIS_LIVING_BUSINESS,013,스포츠용품점,2025,2024,2025,11,서울특별시,00000,합계,23046.0,1920.5,-7.83,1801,-2.54,7,4,1276,525,"{""dc_sexDataList"":[{""VAL"":""70.8"",""CODE"":""01"",""LABEL"":""남자""},{""VAL"":""29.2"",""CODE"":""02"",""LABEL"":""여자""},{""VAL"":""0.0"",""CODE"":""03"",""LABEL"":""미상""}],""result"":""S"",""code"":"""",""dc_lvngTfbDetail"":{""SGG_CD"":""00000"",""FRS_RGT_DTM"":""20260402110334"",""SIDO_NM"":""서울특별시"",""N100_LVNG_TFB_NM"":""스포츠용품점"",""LST_ALT_DATA_MAAG_USER_ID"":""1"",""AGE_CNT_03"":""559"",""AGE_CNT_02"":""253"",""FRS_RGT_DATA_MAAG_PGM_ID"":""UTQMTDBA11"",""AGE_CNT_05"":""282"",""AGE_CNT_04"":""545"",""AGE_CNT_06"":""120"",""YR"":""2025"",""AVG_ASCD_MM_CNT"":4,""LST_ALT_DATA_MAAG_CL_CD"":""01"",""AGE_CNT_01"":""42"",""FRS_RGT_DATA_MAAG_CL_CD"":""01"",""LST_ALT_DTM"":""20260402110334"",""AVG_GIN_AMT"":23046.0,""PYR_CPR_AVG_GIN_AMT_INCR_RTE"":-7.83,""FRS_RGT_DATA_MAAG_USER_ID"":""1"",""SIDO_CD"":""11"",""SGG_NM"":""합계"",""GIN_AMT_PCTL_RKG"":""25"",""THMA_STT_TBL_ID"":""TTQSNAI01T088712"",""INDC_ORDER"":67072,""TOTA_BMAN_CNT"":""1801"",""PYR_CPR_TOT_BMAN_CNT_INCR_RTE"":-2.54,""LST_ALT_DATA_MAAG_PGM_ID"":""UTQMTDBA11"",""SEX_CNT_01"":""1276"",""AVG_ASCD_YM_CNT"":""88.446629"",""GIN_AMT_PCTL"":""253646732.50"",""SEX_CNT_02"":""525"",""SEX_CNT_03"":""0"",""N100_LVNG_TFB_CD"":""013"",""TOTA_BMAN_CNT_TEXT"":""1801"",""AGE_CNT_10"":""0"",""AVG_ASCD_YY_CNT"":7},""message"":"""",""dc_ageDataList"":[{""VAL"":""2.3"",""CODE"":""01"",""LABEL"":""30세미만""},{""VAL"":""14.0"",""CODE"":""02"",""LABEL"":""30세이상""},{""VAL"":""31.0"",""CODE"":""03"",""LABEL"":""40세이상""},{""VAL"":""30.3"",""CODE"":""04"",""LABEL"":""50세이상""},{""VAL"":""15.7"",""CODE"":""05"",""LABEL"":""60세이상""},{""VAL"":""6.7"",""CODE"":""06"",""LABEL"":""70세이상""},{""VAL"":""0.0"",""CODE"":""10"",""LABEL"":""미상""}]}"
NTS_TASIS_LIVING_BUSINESS,014,시계ㆍ귀금속점,2025,2024,2025,11,서울특별시,00000,합계,11066.0,922.166667,2.44,2001,2.67,16,3,1111,890,"{""dc_sexDataList"":[{""VAL"":""55.5"",""CODE"":""01"",""LABEL"":""남자""},{""VAL"":""44.5"",""CODE"":""02"",""LABEL"":""여자""},{""VAL"":""0.0"",""CODE"":""03"",""LABEL"":""미상""}],""result"":""S"",""code"":"""",""dc_lvngTfbDetail"":{""SGG_CD"":""00000"",""FRS_RGT_DTM"":""20260402110334"",""SIDO_NM"":""서울특별시"",""N100_LVNG_TFB_NM"":""시계ㆍ귀금속점"",""LST_ALT_DATA_MAAG_USER_ID"":""1"",""AGE_CNT_03"":""353"",""AGE_CNT_02"":""194"",""FRS_RGT_DATA_MAAG_PGM_ID"":""UTQMTDBA11"",""AGE_CNT_05"":""583"",""AGE_CNT_04"":""436"",""AGE_CNT_06"":""395"",""YR"":""2025"",""AVG_ASCD_MM_CNT"":3,""LST_ALT_DATA_MAAG_CL_CD"":""01"",""AGE_CNT_01"":""40"",""FRS_RGT_DATA_MAAG_CL_CD"":""01"",""LST_ALT_DTM"":""20260402110334"",""AVG_GIN_AMT"":11066.0,""PYR_CPR_AVG_GIN_AMT_INCR_RTE"":2.44,""FRS_RGT_DATA_MAAG_USER_ID"":""1"",""SIDO_CD"":""11"",""SGG_NM"":""합계"",""GIN_AMT_PCTL_RKG"":""10"",""THMA_STT_TBL_ID"":""TTQSNAI01T088712"",""INDC_ORDER"":72256,""TOTA_BMAN_CNT"":""2001"",""PYR_CPR_TOT_BMAN_CNT_INCR_RTE"":2.67,""LST_ALT_DATA_MAAG_PGM_ID"":""UTQMTDBA11"",""SEX_CNT_01"":""1111"",""AVG_ASCD_YM_CNT"":""195.479699"",""GIN_AMT_PCTL"":""227858231.40"",""SEX_CNT_02"":""890"",""SEX_CNT_03"":""0"",""N100_LVNG_TFB_CD"":""014"",""TOTA_BMAN_CNT_TEXT"":""2001"",""AGE_CNT_10"":""0"",""AVG_ASCD_YY_CNT"":16},""message"":"""",""dc_ageDataList"":[{""VAL"":""2.0"",""CODE"":""01"",""LABEL"":""30세미만""},{""VAL"":""9.7"",""CODE"":""02"",""LABEL"":""30세이상""},{""VAL"":""17.6"",""CODE"":""03"",""LABEL"":""40세이상""},{""VAL"":""21.8"",""CODE"":""04"",""LABEL"":""50세이상""},{""VAL"":""29.1"",""CODE"":""05"",""LABEL"":""60세이상""},{""VAL"":""19.7"",""CODE"":""06"",""LABEL"":""70세이상""},{""VAL"":""0.0"",""CODE"":""10"",""LABEL"":""미상""}]}"
NTS_TASIS_LIVING_BUSINESS,015,식료품가게,2025,2024,2025,11,서울특별시,00000,합계,19964.0,1663.666667,-3.86,5007,-2.32,10,7,2656,2349,"{""dc_sexDataList"":[{""VAL"":""53.0"",""CODE"":""01"",""LABEL"":""남자""},{""VAL"":""46.9"",""CODE"":""02"",""LABEL"":""여자""},{""VAL"":""0.0"",""CODE"":""03"",""LABEL"":""미상""}],""result"":""S"",""code"":"""",""dc_lvngTfbDetail"":{""SGG_CD"":""00000"",""FRS_RGT_DTM"":""20260402110334"",""SIDO_NM"":""서울특별시"",""N100_LVNG_TFB_NM"":""식료품가게"",""LST_ALT_DATA_MAAG_USER_ID"":""1"",""AGE_CNT_03"":""944"",""AGE_CNT_02"":""506"",""FRS_RGT_DATA_MAAG_PGM_ID"":""UTQMTDBA11"",""AGE_CNT_05"":""1293"",""AGE_CNT_04"":""1227"",""AGE_CNT_06"":""913"",""YR"":""2025"",""AVG_ASCD_MM_CNT"":7,""LST_ALT_DATA_MAAG_CL_CD"":""01"",""AGE_CNT_01"":""121"",""FRS_RGT_DATA_MAAG_CL_CD"":""01"",""LST_ALT_DTM"":""20260402110334"",""AVG_GIN_AMT"":19964.0,""PYR_CPR_AVG_GIN_AMT_INCR_RTE"":-3.86,""FRS_RGT_DATA_MAAG_USER_ID"":""1"",""SIDO_CD"":""11"",""SGG_NM"":""합계"",""GIN_AMT_PCTL_RKG"":""20"",""THMA_STT_TBL_ID"":""TTQSNAI01T088712"",""INDC_ORDER"":77343,""TOTA_BMAN_CNT"":""5007"",""PYR_CPR_TOT_BMAN_CNT_INCR_RTE"":-2.32,""LST_ALT_DATA_MAAG_PGM_ID"":""UTQMTDBA11"",""SEX_CNT_01"":""2656"",""AVG_ASCD_YM_CNT"":""127.482807"",""GIN_AMT_PCTL"":""232657377.20"",""SEX_CNT_02"":""2349"",""SEX_CNT_03"":""2"",""N100_LVNG_TFB_CD"":""015"",""TOTA_BMAN_CNT_TEXT"":""5007"",""AGE_CNT_10"":""3"",""AVG_ASCD_YY_CNT"":10},""message"":"""",""dc_ageDataList"":[{""VAL"":""2.4"",""CODE"":""01"",""LABEL"":""30세미만""},{""VAL"":""10.1"",""CODE"":""02"",""LABEL"":""30세이상""},{""VAL"":""18.9"",""CODE"":""03"",""LABEL"":""40세이상""},{""VAL"":""24.5"",""CODE"":""04"",""LABEL"":""50세이상""},{""VAL"":""25.8"",""CODE"":""05"",""LABEL"":""60세이상""},{""VAL"":""18.2"",""CODE"":""06"",""LABEL"":""70세이상""},{""VAL"":""0.1"",""CODE"":""10"",""LABEL"":""미상""}]}"
NTS_TASIS_LIVING_BUSINESS,016,신발가게,2025,2024,2025,11,서울특별시,00000,합계,17616.0,1468.0,-7.78,987,-7.67,12,10,538,449,"{""dc_sexDataList"":[{""VAL"":""54.5"",""CODE"":""01"",""LABEL"":""남자""},{""VAL"":""45.5"",""CODE"":""02"",""LABEL"":""여자""},{""VAL"":""0.0"",""CODE"":""03"",""LABEL"":""미상""}],""result"":""S"",""code"":"""",""dc_lvngTfbDetail"":{""SGG_CD"":""00000"",""FRS_RGT_DTM"":""20260402110334"",""SIDO_NM"":""서울특별시"",""N100_LVNG_TFB_NM"":""신발가게"",""LST_ALT_DATA_MAAG_USER_ID"":""1"",""AGE_CNT_03"":""148"",""AGE_CNT_02"":""92"",""FRS_RGT_DATA_MAAG_PGM_ID"":""UTQMTDBA11"",""AGE_CNT_05"":""303"",""AGE_CNT_04"":""247"",""AGE_CNT_06"":""185"",""YR"":""2025"",""AVG_ASCD_MM_CNT"":10,""LST_ALT_DATA_MAAG_CL_CD"":""01"",""AGE_CNT_01"":""12"",""FRS_RGT_DATA_MAAG_CL_CD"":""01"",""LST_ALT_DTM"":""20260402110334"",""AVG_GIN_AMT"":17616.0,""PYR_CPR_AVG_GIN_AMT_INCR_RTE"":-7.78,""FRS_RGT_DATA_MAAG_USER_ID"":""1"",""SIDO_CD"":""11"",""SGG_NM"":""합계"",""GIN_AMT_PCTL_RKG"":""10"",""THMA_STT_TBL_ID"":""TTQSNAI01T088712"",""INDC_ORDER"":82528,""TOTA_BMAN_CNT"":""987"",""PYR_CPR_TOT_BMAN_CNT_INCR_RTE"":-7.67,""LST_ALT_DATA_MAAG_PGM_ID"":""UTQMTDBA11"",""SEX_CNT_01"":""538"",""AVG_ASCD_YM_CNT"":""154.883792"",""GIN_AMT_PCTL"":""234628447.40"",""SEX_CNT_02"":""449"",""SEX_CNT_03"":""0"",""N100_LVNG_TFB_CD"":""016"",""TOTA_BMAN_CNT_TEXT"":""987"",""AGE_CNT_10"":""0"",""AVG_ASCD_YY_CNT"":12},""message"":"""",""dc_ageDataList"":[{""VAL"":""1.2"",""CODE"":""01"",""LABEL"":""30세미만""},{""VAL"":""9.3"",""CODE"":""02"",""LABEL"":""30세이상""},{""VAL"":""15.0"",""CODE"":""03"",""LABEL"":""40세이상""},{""VAL"":""25.0"",""CODE"":""04"",""LABEL"":""50세이상""},{""VAL"":""30.7"",""CODE"":""05"",""LABEL"":""60세이상""},{""VAL"":""18.7"",""CODE"":""06"",""LABEL"":""70세이상""},{""VAL"":""0.0"",""CODE"":""10"",""LABEL"":""미상""}]}"
NTS_TASIS_LIVING_BUSINESS,017,안경점,2025,2024,2025,11,서울특별시,00000,합계,30940.0,2578.333333,9.06,2041,0.99,14,0,1667,374,"{""dc_sexDataList"":[{""VAL"":""81.7"",""CODE"":""01"",""LABEL"":""남자""},{""VAL"":""18.3"",""CODE"":""02"",""LABEL"":""여자""},{""VAL"":""0.0"",""CODE"":""03"",""LABEL"":""미상""}],""result"":""S"",""code"":"""",""dc_lvngTfbDetail"":{""SGG_CD"":""00000"",""FRS_RGT_DTM"":""20260402110334"",""SIDO_NM"":""서울특별시"",""N100_LVNG_TFB_NM"":""안경점"",""LST_ALT_DATA_MAAG_USER_ID"":""1"",""AGE_CNT_03"":""606"",""AGE_CNT_02"":""308"",""FRS_RGT_DATA_MAAG_PGM_ID"":""UTQMTDBA11"",""AGE_CNT_05"":""371"",""AGE_CNT_04"":""605"",""AGE_CNT_06"":""118"",""YR"":""2025"",""AVG_ASCD_MM_CNT"":0,""LST_ALT_DATA_MAAG_CL_CD"":""01"",""AGE_CNT_01"":""33"",""FRS_RGT_DATA_MAAG_CL_CD"":""01"",""LST_ALT_DTM"":""20260402110334"",""AVG_GIN_AMT"":30940.0,""PYR_CPR_AVG_GIN_AMT_INCR_RTE"":9.06,""FRS_RGT_DATA_MAAG_USER_ID"":""1"",""SIDO_CD"":""11"",""SGG_NM"":""합계"",""GIN_AMT_PCTL_RKG"":""35"",""THMA_STT_TBL_ID"":""TTQSNAI01T088712"",""INDC_ORDER"":87537,""TOTA_BMAN_CNT"":""2041"",""PYR_CPR_TOT_BMAN_CNT_INCR_RTE"":0.99,""LST_ALT_DATA_MAAG_PGM_ID"":""UTQMTDBA11"",""SEX_CNT_01"":""1667"",""AVG_ASCD_YM_CNT"":""168.811487"",""GIN_AMT_PCTL"":""298170273.20"",""SEX_CNT_02"":""374"",""SEX_CNT_03"":""0"",""N100_LVNG_TFB_CD"":""017"",""TOTA_BMAN_CNT_TEXT"":""2041"",""AGE_CNT_10"":""0"",""AVG_ASCD_YY_CNT"":14},""message"":"""",""dc_ageDataList"":[{""VAL"":""1.6"",""CODE"":""01"",""LABEL"":""30세미만""},{""VAL"":""15.1"",""CODE"":""02"",""LABEL"":""30세이상""},{""VAL"":""29.7"",""CODE"":""03"",""LABEL"":""40세이상""},{""VAL"":""29.6"",""CODE"":""04"",""LABEL"":""50세이상""},{""VAL"":""18.2"",""CODE"":""05"",""LABEL"":""60세이상""},{""VAL"":""5.8"",""CODE"":""06"",""LABEL"":""70세이상""},{""VAL"":""0.0"",""CODE"":""10"",""LABEL"":""미상""}]}"
NTS_TASIS_LIVING_BUSINESS,018,애완용품점,2025,2024,2025,11,서울특별시,00000,합계,12759.0,1063.25,1.05,1803,-1.31,5,0,782,1021,"{""dc_sexDataList"":[{""VAL"":""43.4"",""CODE"":""01"",""LABEL"":""남자""},{""VAL"":""56.6"",""CODE"":""02"",""LABEL"":""여자""},{""VAL"":""0.0"",""CODE"":""03"",""LABEL"":""미상""}],""result"":""S"",""code"":"""",""dc_lvngTfbDetail"":{""SGG_CD"":""00000"",""FRS_RGT_DTM"":""20260402110334"",""SIDO_NM"":""서울특별시"",""N100_LVNG_TFB_NM"":""애완용품점"",""LST_ALT_DATA_MAAG_USER_ID"":""1"",""AGE_CNT_03"":""551"",""AGE_CNT_02"":""610"",""FRS_RGT_DATA_MAAG_PGM_ID"":""UTQMTDBA11"",""AGE_CNT_05"":""116"",""AGE_CNT_04"":""307"",""AGE_CNT_06"":""47"",""YR"":""2025"",""AVG_ASCD_MM_CNT"":0,""LST_ALT_DATA_MAAG_CL_CD"":""01"",""AGE_CNT_01"":""172"",""FRS_RGT_DATA_MAAG_CL_CD"":""01"",""LST_ALT_DTM"":""20260402110334"",""AVG_GIN_AMT"":12759.0,""PYR_CPR_AVG_GIN_AMT_INCR_RTE"":1.05,""FRS_RGT_DATA_MAAG_USER_ID"":""1"",""SIDO_CD"":""11"",""SGG_NM"":""합계"",""GIN_AMT_PCTL_RKG"":""10"",""THMA_STT_TBL_ID"":""TTQSNAI01T088712"",""INDC_ORDER"":92698,""TOTA_BMAN_CNT"":""1803"",""PYR_CPR_TOT_BMAN_CNT_INCR_RTE"":-1.31,""LST_ALT_DATA_MAAG_PGM_ID"":""UTQMTDBA11"",""SEX_CNT_01"":""782"",""AVG_ASCD_YM_CNT"":""60.402893"",""GIN_AMT_PCTL"":""285123350.40"",""SEX_CNT_02"":""1021"",""SEX_CNT_03"":""0"",""N100_LVNG_TFB_CD"":""018"",""TOTA_BMAN_CNT_TEXT"":""1803"",""AGE_CNT_10"":""0"",""AVG_ASCD_YY_CNT"":5},""message"":"""",""dc_ageDataList"":[{""VAL"":""9.5"",""CODE"":""01"",""LABEL"":""30세미만""},{""VAL"":""33.8"",""CODE"":""02"",""LABEL"":""30세이상""},{""VAL"":""30.6"",""CODE"":""03"",""LABEL"":""40세이상""},{""VAL"":""17.0"",""CODE"":""04"",""LABEL"":""50세이상""},{""VAL"":""6.4"",""CODE"":""05"",""LABEL"":""60세이상""},{""VAL"":""2.6"",""CODE"":""06"",""LABEL"":""70세이상""},{""VAL"":""0.0"",""CODE"":""10"",""LABEL"":""미상""}]}"
NTS_TASIS_LIVING_BUSINESS,019,약국,2025,2024,2025,11,서울특별시,00000,합계,132003.0,11000.25,2.97,5819,2.5,13,1,2141,3678,"{""dc_sexDataList"":[{""VAL"":""36.8"",""CODE"":""01"",""LABEL"":""남자""},{""VAL"":""63.2"",""CODE"":""02"",""LABEL"":""여자""},{""VAL"":""0.0"",""CODE"":""03"",""LABEL"":""미상""}],""result"":""S"",""code"":"""",""dc_lvngTfbDetail"":{""SGG_CD"":""00000"",""FRS_RGT_DTM"":""20260402110334"",""SIDO_NM"":""서울특별시"",""N100_LVNG_TFB_NM"":""약국"",""LST_ALT_DATA_MAAG_USER_ID"":""1"",""AGE_CNT_03"":""1126"",""AGE_CNT_02"":""1421"",""FRS_RGT_DATA_MAAG_PGM_ID"":""UTQMTDBA11"",""AGE_CNT_05"":""1060"",""AGE_CNT_04"":""1341"",""AGE_CNT_06"":""796"",""YR"":""2025"",""AVG_ASCD_MM_CNT"":1,""LST_ALT_DATA_MAAG_CL_CD"":""01"",""AGE_CNT_01"":""75"",""FRS_RGT_DATA_MAAG_CL_CD"":""01"",""LST_ALT_DTM"":""20260402110334"",""AVG_GIN_AMT"":132003.0,""PYR_CPR_AVG_GIN_AMT_INCR_RTE"":2.97,""FRS_RGT_DATA_MAAG_USER_ID"":""1"",""SIDO_CD"":""11"",""SGG_NM"":""합계"",""GIN_AMT_PCTL_RKG"":""85"",""THMA_STT_TBL_ID"":""TTQSNAI01T088712"",""INDC_ORDER"":97737,""TOTA_BMAN_CNT"":""5819"",""PYR_CPR_TOT_BMAN_CNT_INCR_RTE"":2.5,""LST_ALT_DATA_MAAG_PGM_ID"":""UTQMTDBA11"",""SEX_CNT_01"":""2141"",""AVG_ASCD_YM_CNT"":""157.500346"",""GIN_AMT_PCTL"":""238499389.50"",""SEX_CNT_02"":""3678"",""SEX_CNT_03"":""0"",""N100_LVNG_TFB_CD"":""019"",""TOTA_BMAN_CNT_TEXT"":""5819"",""AGE_CNT_10"":""0"",""AVG_ASCD_YY_CNT"":13},""message"":"""",""dc_ageDataList"":[{""VAL"":""1.3"",""CODE"":""01"",""LABEL"":""30세미만""},{""VAL"":""24.4"",""CODE"":""02"",""LABEL"":""30세이상""},{""VAL"":""19.4"",""CODE"":""03"",""LABEL"":""40세이상""},{""VAL"":""23.0"",""CODE"":""04"",""LABEL"":""50세이상""},{""VAL"":""18.2"",""CODE"":""05"",""LABEL"":""60세이상""},{""VAL"":""13.7"",""CODE"":""06"",""LABEL"":""70세이상""},{""VAL"":""0.0"",""CODE"":""10"",""LABEL"":""미상""}]}"
NTS_TASIS_LIVING_BUSINESS,020,옷가게,2025,2024,2025,11,서울특별시,00000,합계,10265.0,855.416667,-0.1,14382,-4.98,9,8,4758,9624,"{""dc_sexDataList"":[{""VAL"":""33.1"",""CODE"":""01"",""LABEL"":""남자""},{""VAL"":""66.9"",""CODE"":""02"",""LABEL"":""여자""},{""VAL"":""0.0"",""CODE"":""03"",""LABEL"":""미상""}],""result"":""S"",""code"":"""",""dc_lvngTfbDetail"":{""SGG_CD"":""00000"",""FRS_RGT_DTM"":""20260402110334"",""SIDO_NM"":""서울특별시"",""N100_LVNG_TFB_NM"":""옷가게"",""LST_ALT_DATA_MAAG_USER_ID"":""1"",""AGE_CNT_03"":""2963"",""AGE_CNT_02"":""2029"",""FRS_RGT_DATA_MAAG_PGM_ID"":""UTQMTDBA11"",""AGE_CNT_05"":""3673"",""AGE_CNT_04"":""3459"",""AGE_CNT_06"":""1725"",""YR"":""2025"",""AVG_ASCD_MM_CNT"":8,""LST_ALT_DATA_MAAG_CL_CD"":""01"",""AGE_CNT_01"":""533"",""FRS_RGT_DATA_MAAG_CL_CD"":""01"",""LST_ALT_DTM"":""20260402110334"",""AVG_GIN_AMT"":10265.0,""PYR_CPR_AVG_GIN_AMT_INCR_RTE"":-0.1,""FRS_RGT_DATA_MAAG_USER_ID"":""1"",""SIDO_CD"":""11"",""SGG_NM"":""합계"",""GIN_AMT_PCTL_RKG"":""10"",""THMA_STT_TBL_ID"":""TTQSNAI01T088712"",""INDC_ORDER"":102909,""TOTA_BMAN_CNT"":""14382"",""PYR_CPR_TOT_BMAN_CNT_INCR_RTE"":-4.98,""LST_ALT_DATA_MAAG_PGM_ID"":""UTQMTDBA11"",""SEX_CNT_01"":""4758"",""AVG_ASCD_YM_CNT"":""116.545422"",""GIN_AMT_PCTL"":""237017873.00"",""SEX_CNT_02"":""9624"",""SEX_CNT_03"":""0"",""N100_LVNG_TFB_CD"":""020"",""TOTA_BMAN_CNT_TEXT"":""14382"",""AGE_CNT_10"":""0"",""AVG_ASCD_YY_CNT"":9},""message"":"""",""dc_ageDataList"":[{""VAL"":""3.7"",""CODE"":""01"",""LABEL"":""30세미만""},{""VAL"":""14.1"",""CODE"":""02"",""LABEL"":""30세이상""},{""VAL"":""20.6"",""CODE"":""03"",""LABEL"":""40세이상""},{""VAL"":""24.1"",""CODE"":""04"",""LABEL"":""50세이상""},{""VAL"":""25.5"",""CODE"":""05"",""LABEL"":""60세이상""},{""VAL"":""12.0"",""CODE"":""06"",""LABEL"":""70세이상""},{""VAL"":""0.0"",""CODE"":""10"",""LABEL"":""미상""}]}"
NTS_TASIS_LIVING_BUSINESS,021,의료용품가게,2025,2024,2025,11,서울특별시,00000,합계,28804.0,2400.333333,3.55,1474,-1.6,8,9,940,534,"{""dc_sexDataList"":[{""VAL"":""63.8"",""CODE"":""01"",""LABEL"":""남자""},{""VAL"":""36.2"",""CODE"":""02"",""LABEL"":""여자""},{""VAL"":""0.0"",""CODE"":""03"",""LABEL"":""미상""}],""result"":""S"",""code"":"""",""dc_lvngTfbDetail"":{""SGG_CD"":""00000"",""FRS_RGT_DTM"":""20260402110334"",""SIDO_NM"":""서울특별시"",""N100_LVNG_TFB_NM"":""의료용품가게"",""LST_ALT_DATA_MAAG_USER_ID"":""1"",""AGE_CNT_03"":""422"",""AGE_CNT_02"":""158"",""FRS_RGT_DATA_MAAG_PGM_ID"":""UTQMTDBA11"",""AGE_CNT_05"":""319"",""AGE_CNT_04"":""466"",""AGE_CNT_06"":""89"",""YR"":""2025"",""AVG_ASCD_MM_CNT"":9,""LST_ALT_DATA_MAAG_CL_CD"":""01"",""AGE_CNT_01"":""20"",""FRS_RGT_DATA_MAAG_CL_CD"":""01"",""LST_ALT_DTM"":""20260402110334"",""AVG_GIN_AMT"":28804.0,""PYR_CPR_AVG_GIN_AMT_INCR_RTE"":3.55,""FRS_RGT_DATA_MAAG_USER_ID"":""1"",""SIDO_CD"":""11"",""SGG_NM"":""합계"",""GIN_AMT_PCTL_RKG"":""30"",""THMA_STT_TBL_ID"":""TTQSNAI01T088712"",""INDC_ORDER"":108079,""TOTA_BMAN_CNT"":""1474"",""PYR_CPR_TOT_BMAN_CNT_INCR_RTE"":-1.6,""LST_ALT_DATA_MAAG_PGM_ID"":""UTQMTDBA11"",""SEX_CNT_01"":""940"",""AVG_ASCD_YM_CNT"":""105.997282"",""GIN_AMT_PCTL"":""260926775.00"",""SEX_CNT_02"":""534"",""SEX_CNT_03"":""0"",""N100_LVNG_TFB_CD"":""021"",""TOTA_BMAN_CNT_TEXT"":""1474"",""AGE_CNT_10"":""0"",""AVG_ASCD_YY_CNT"":8},""message"":"""",""dc_ageDataList"":[{""VAL"":""1.4"",""CODE"":""01"",""LABEL"":""30세미만""},{""VAL"":""10.7"",""CODE"":""02"",""LABEL"":""30세이상""},{""VAL"":""28.6"",""CODE"":""03"",""LABEL"":""40세이상""},{""VAL"":""31.6"",""CODE"":""04"",""LABEL"":""50세이상""},{""VAL"":""21.6"",""CODE"":""05"",""LABEL"":""60세이상""},{""VAL"":""6.0"",""CODE"":""06"",""LABEL"":""70세이상""},{""VAL"":""0.0"",""CODE"":""10"",""LABEL"":""미상""}]}"
NTS_TASIS_LIVING_BUSINESS,022,이륜자동차판매점,2025,2024,2025,11,서울특별시,00000,합계,11746.0,978.833333,4.3,457,-3.59,15,5,399,58,"{""dc_sexDataList"":[{""VAL"":""87.3"",""CODE"":""01"",""LABEL"":""남자""},{""VAL"":""12.7"",""CODE"":""02"",""LABEL"":""여자""},{""VAL"":""0.0"",""CODE"":""03"",""LABEL"":""미상""}],""result"":""S"",""code"":"""",""dc_lvngTfbDetail"":{""SGG_CD"":""00000"",""FRS_RGT_DTM"":""20260402110334"",""SIDO_NM"":""서울특별시"",""N100_LVNG_TFB_NM"":""이륜자동차판매점"",""LST_ALT_DATA_MAAG_USER_ID"":""1"",""AGE_CNT_03"":""131"",""AGE_CNT_02"":""51"",""FRS_RGT_DATA_MAAG_PGM_ID"":""UTQMTDBA11"",""AGE_CNT_05"":""138"",""AGE_CNT_04"":""102"",""AGE_CNT_06"":""25"",""YR"":""2025"",""AVG_ASCD_MM_CNT"":5,""LST_ALT_DATA_MAAG_CL_CD"":""01"",""AGE_CNT_01"":""10"",""FRS_RGT_DATA_MAAG_CL_CD"":""01"",""LST_ALT_DTM"":""20260402110334"",""AVG_GIN_AMT"":11746.0,""PYR_CPR_AVG_GIN_AMT_INCR_RTE"":4.3,""FRS_RGT_DATA_MAAG_USER_ID"":""1"",""SIDO_CD"":""11"",""SGG_NM"":""합계"",""GIN_AMT_PCTL_RKG"":""10"",""THMA_STT_TBL_ID"":""TTQSNAI01T088712"",""INDC_ORDER"":113117,""TOTA_BMAN_CNT"":""457"",""PYR_CPR_TOT_BMAN_CNT_INCR_RTE"":-3.59,""LST_ALT_DATA_MAAG_PGM_ID"":""UTQMTDBA11"",""SEX_CNT_01"":""399"",""AVG_ASCD_YM_CNT"":""185.183807"",""GIN_AMT_PCTL"":""267656367.00"",""SEX_CNT_02"":""58"",""SEX_CNT_03"":""0"",""N100_LVNG_TFB_CD"":""022"",""TOTA_BMAN_CNT_TEXT"":""457"",""AGE_CNT_10"":""0"",""AVG_ASCD_YY_CNT"":15},""message"":"""",""dc_ageDataList"":[{""VAL"":""2.2"",""CODE"":""01"",""LABEL"":""30세미만""},{""VAL"":""11.2"",""CODE"":""02"",""LABEL"":""30세이상""},{""VAL"":""28.7"",""CODE"":""03"",""LABEL"":""40세이상""},{""VAL"":""22.3"",""CODE"":""04"",""LABEL"":""50세이상""},{""VAL"":""30.2"",""CODE"":""05"",""LABEL"":""60세이상""},{""VAL"":""5.5"",""CODE"":""06"",""LABEL"":""70세이상""},{""VAL"":""0.0"",""CODE"":""10"",""LABEL"":""미상""}]}"
NTS_TASIS_LIVING_BUSINESS,023,자전거판매점,2025,2024,2025,11,서울특별시,00000,합계,18806.0,1567.166667,-1.51,377,-1.31,14,7,335,42,"{""dc_sexDataList"":[{""VAL"":""88.9"",""CODE"":""01"",""LABEL"":""남자""},{""VAL"":""11.1"",""CODE"":""02"",""LABEL"":""여자""},{""VAL"":""0.0"",""CODE"":""03"",""LABEL"":""미상""}],""result"":""S"",""code"":"""",""dc_lvngTfbDetail"":{""SGG_CD"":""00000"",""FRS_RGT_DTM"":""20260402110334"",""SIDO_NM"":""서울특별시"",""N100_LVNG_TFB_NM"":""자전거판매점"",""LST_ALT_DATA_MAAG_USER_ID"":""1"",""AGE_CNT_03"":""94"",""AGE_CNT_02"":""30"",""FRS_RGT_DATA_MAAG_PGM_ID"":""UTQMTDBA11"",""AGE_CNT_05"":""105"",""AGE_CNT_04"":""72"",""AGE_CNT_06"":""71"",""YR"":""2025"",""AVG_ASCD_MM_CNT"":7,""LST_ALT_DATA_MAAG_CL_CD"":""01"",""AGE_CNT_01"":""5"",""FRS_RGT_DATA_MAAG_CL_CD"":""01"",""LST_ALT_DTM"":""20260402110334"",""AVG_GIN_AMT"":18806.0,""PYR_CPR_AVG_GIN_AMT_INCR_RTE"":-1.51,""FRS_RGT_DATA_MAAG_USER_ID"":""1"",""SIDO_CD"":""11"",""SGG_NM"":""합계"",""GIN_AMT_PCTL_RKG"":""15"",""THMA_STT_TBL_ID"":""TTQSNAI01T088712"",""INDC_ORDER"":117922,""TOTA_BMAN_CNT"":""377"",""PYR_CPR_TOT_BMAN_CNT_INCR_RTE"":-1.31,""LST_ALT_DATA_MAAG_PGM_ID"":""UTQMTDBA11"",""SEX_CNT_01"":""335"",""AVG_ASCD_YM_CNT"":""175.957559"",""GIN_AMT_PCTL"":""296567099.50"",""SEX_CNT_02"":""42"",""SEX_CNT_03"":""0"",""N100_LVNG_TFB_CD"":""023"",""TOTA_BMAN_CNT_TEXT"":""377"",""AGE_CNT_10"":""0"",""AVG_ASCD_YY_CNT"":14},""message"":"""",""dc_ageDataList"":[{""VAL"":""1.3"",""CODE"":""01"",""LABEL"":""30세미만""},{""VAL"":""8.0"",""CODE"":""02"",""LABEL"":""30세이상""},{""VAL"":""24.9"",""CODE"":""03"",""LABEL"":""40세이상""},{""VAL"":""19.1"",""CODE"":""04"",""LABEL"":""50세이상""},{""VAL"":""27.9"",""CODE"":""05"",""LABEL"":""60세이상""},{""VAL"":""18.8"",""CODE"":""06"",""LABEL"":""70세이상""},{""VAL"":""0.0"",""CODE"":""10"",""LABEL"":""미상""}]}"
NTS_TASIS_LIVING_BUSINESS,024,장난감가게,2025,2024,2025,11,서울특별시,00000,합계,19591.0,1632.583333,11.01,635,23.3,5,11,382,253,"{""dc_sexDataList"":[{""VAL"":""60.2"",""CODE"":""01"",""LABEL"":""남자""},{""VAL"":""39.8"",""CODE"":""02"",""LABEL"":""여자""},{""VAL"":""0.0"",""CODE"":""03"",""LABEL"":""미상""}],""result"":""S"",""code"":"""",""dc_lvngTfbDetail"":{""SGG_CD"":""00000"",""FRS_RGT_DTM"":""20260402110334"",""SIDO_NM"":""서울특별시"",""N100_LVNG_TFB_NM"":""장난감가게"",""LST_ALT_DATA_MAAG_USER_ID"":""1"",""AGE_CNT_03"":""199"",""AGE_CNT_02"":""138"",""FRS_RGT_DATA_MAAG_PGM_ID"":""UTQMTDBA11"",""AGE_CNT_05"":""82"",""AGE_CNT_04"":""139"",""AGE_CNT_06"":""31"",""YR"":""2025"",""AVG_ASCD_MM_CNT"":11,""LST_ALT_DATA_MAAG_CL_CD"":""01"",""AGE_CNT_01"":""46"",""FRS_RGT_DATA_MAAG_CL_CD"":""01"",""LST_ALT_DTM"":""20260402110334"",""AVG_GIN_AMT"":19591.0,""PYR_CPR_AVG_GIN_AMT_INCR_RTE"":11.01,""FRS_RGT_DATA_MAAG_USER_ID"":""1"",""SIDO_CD"":""11"",""SGG_NM"":""합계"",""GIN_AMT_PCTL_RKG"":""20"",""THMA_STT_TBL_ID"":""TTQSNAI01T088712"",""INDC_ORDER"":122583,""TOTA_BMAN_CNT"":""635"",""PYR_CPR_TOT_BMAN_CNT_INCR_RTE"":23.3,""LST_ALT_DATA_MAAG_PGM_ID"":""UTQMTDBA11"",""SEX_CNT_01"":""382"",""AVG_ASCD_YM_CNT"":""71.802839"",""GIN_AMT_PCTL"":""224788786.20"",""SEX_CNT_02"":""253"",""SEX_CNT_03"":""0"",""N100_LVNG_TFB_CD"":""024"",""TOTA_BMAN_CNT_TEXT"":""635"",""AGE_CNT_10"":""0"",""AVG_ASCD_YY_CNT"":5},""message"":"""",""dc_ageDataList"":[{""VAL"":""7.2"",""CODE"":""01"",""LABEL"":""30세미만""},{""VAL"":""21.7"",""CODE"":""02"",""LABEL"":""30세이상""},{""VAL"":""31.3"",""CODE"":""03"",""LABEL"":""40세이상""},{""VAL"":""21.9"",""CODE"":""04"",""LABEL"":""50세이상""},{""VAL"":""12.9"",""CODE"":""05"",""LABEL"":""60세이상""},{""VAL"":""4.9"",""CODE"":""06"",""LABEL"":""70세이상""},{""VAL"":""0.0"",""CODE"":""10"",""LABEL"":""미상""}]}"
NTS_TASIS_LIVING_BUSINESS,025,정육점,2025,2024,2025,11,서울특별시,00000,합계,39363.0,3280.25,0.25,2716,-1.88,9,2,1995,721,"{""dc_sexDataList"":[{""VAL"":""73.5"",""CODE"":""01"",""LABEL"":""남자""},{""VAL"":""26.5"",""CODE"":""02"",""LABEL"":""여자""},{""VAL"":""0.0"",""CODE"":""03"",""LABEL"":""미상""}],""result"":""S"",""code"":"""",""dc_lvngTfbDetail"":{""SGG_CD"":""00000"",""FRS_RGT_DTM"":""20260402110334"",""SIDO_NM"":""서울특별시"",""N100_LVNG_TFB_NM"":""정육점"",""LST_ALT_DATA_MAAG_USER_ID"":""1"",""AGE_CNT_03"":""800"",""AGE_CNT_02"":""394"",""FRS_RGT_DATA_MAAG_PGM_ID"":""UTQMTDBA11"",""AGE_CNT_05"":""557"",""AGE_CNT_04"":""726"",""AGE_CNT_06"":""173"",""YR"":""2025"",""AVG_ASCD_MM_CNT"":2,""LST_ALT_DATA_MAAG_CL_CD"":""01"",""AGE_CNT_01"":""66"",""FRS_RGT_DATA_MAAG_CL_CD"":""01"",""LST_ALT_DTM"":""20260402110334"",""AVG_GIN_AMT"":39363.0,""PYR_CPR_AVG_GIN_AMT_INCR_RTE"":0.25,""FRS_RGT_DATA_MAAG_USER_ID"":""1"",""SIDO_CD"":""11"",""SGG_NM"":""합계"",""GIN_AMT_PCTL_RKG"":""50"",""THMA_STT_TBL_ID"":""TTQSNAI01T088712"",""INDC_ORDER"":127102,""TOTA_BMAN_CNT"":""2716"",""PYR_CPR_TOT_BMAN_CNT_INCR_RTE"":-1.88,""LST_ALT_DATA_MAAG_PGM_ID"":""UTQMTDBA11"",""SEX_CNT_01"":""1995"",""AVG_ASCD_YM_CNT"":""110.007743"",""GIN_AMT_PCTL"":""274247600.00"",""SEX_CNT_02"":""721"",""SEX_CNT_03"":""0"",""N100_LVNG_TFB_CD"":""025"",""TOTA_BMAN_CNT_TEXT"":""2716"",""AGE_CNT_10"":""0"",""AVG_ASCD_YY_CNT"":9},""message"":"""",""dc_ageDataList"":[{""VAL"":""2.4"",""CODE"":""01"",""LABEL"":""30세미만""},{""VAL"":""14.5"",""CODE"":""02"",""LABEL"":""30세이상""},{""VAL"":""29.5"",""CODE"":""03"",""LABEL"":""40세이상""},{""VAL"":""26.7"",""CODE"":""04"",""LABEL"":""50세이상""},{""VAL"":""20.5"",""CODE"":""05"",""LABEL"":""60세이상""},{""VAL"":""6.4"",""CODE"":""06"",""LABEL"":""70세이상""},{""VAL"":""0.0"",""CODE"":""10"",""LABEL"":""미상""}]}"
NTS_TASIS_LIVING_BUSINESS,026,주유소,2025,2024,2025,11,서울특별시,00000,합계,533994.0,44499.5,-4.57,388,-0.26,14,2,338,50,"{""dc_sexDataList"":[{""VAL"":""87.1"",""CODE"":""01"",""LABEL"":""남자""},{""VAL"":""12.9"",""CODE"":""02"",""LABEL"":""여자""},{""VAL"":""0.0"",""CODE"":""03"",""LABEL"":""미상""}],""result"":""S"",""code"":"""",""dc_lvngTfbDetail"":{""SGG_CD"":""00000"",""FRS_RGT_DTM"":""20260402110334"",""SIDO_NM"":""서울특별시"",""N100_LVNG_TFB_NM"":""주유소"",""LST_ALT_DATA_MAAG_USER_ID"":""1"",""AGE_CNT_03"":""38"",""AGE_CNT_02"":""14"",""FRS_RGT_DATA_MAAG_PGM_ID"":""UTQMTDBA11"",""AGE_CNT_05"":""95"",""AGE_CNT_04"":""188"",""AGE_CNT_06"":""47"",""YR"":""2025"",""AVG_ASCD_MM_CNT"":2,""LST_ALT_DATA_MAAG_CL_CD"":""01"",""AGE_CNT_01"":""6"",""FRS_RGT_DATA_MAAG_CL_CD"":""01"",""LST_ALT_DTM"":""20260402110334"",""AVG_GIN_AMT"":533994.0,""PYR_CPR_AVG_GIN_AMT_INCR_RTE"":-4.57,""FRS_RGT_DATA_MAAG_USER_ID"":""1"",""SIDO_CD"":""11"",""SGG_NM"":""합계"",""GIN_AMT_PCTL_RKG"":""100"",""THMA_STT_TBL_ID"":""TTQSNAI01T088712"",""INDC_ORDER"":132299,""TOTA_BMAN_CNT"":""388"",""PYR_CPR_TOT_BMAN_CNT_INCR_RTE"":-0.26,""LST_ALT_DATA_MAAG_PGM_ID"":""UTQMTDBA11"",""SEX_CNT_01"":""338"",""AVG_ASCD_YM_CNT"":""170.289473"",""GIN_AMT_PCTL"":""34059604.00"",""SEX_CNT_02"":""50"",""SEX_CNT_03"":""0"",""N100_LVNG_TFB_CD"":""026"",""TOTA_BMAN_CNT_TEXT"":""388"",""AGE_CNT_10"":""0"",""AVG_ASCD_YY_CNT"":14},""message"":"""",""dc_ageDataList"":[{""VAL"":""1.5"",""CODE"":""01"",""LABEL"":""30세미만""},{""VAL"":""3.6"",""CODE"":""02"",""LABEL"":""30세이상""},{""VAL"":""9.8"",""CODE"":""03"",""LABEL"":""40세이상""},{""VAL"":""48.5"",""CODE"":""04"",""LABEL"":""50세이상""},{""VAL"":""24.5"",""CODE"":""05"",""LABEL"":""60세이상""},{""VAL"":""12.1"",""CODE"":""06"",""LABEL"":""70세이상""},{""VAL"":""0.0"",""CODE"":""10"",""LABEL"":""미상""}]}"
NTS_TASIS_LIVING_BUSINESS,027,중고차판매점,2025,2024,2025,11,서울특별시,00000,합계,81542.0,6795.166667,23.56,495,-0.2,10,9,414,80,"{""dc_sexDataList"":[{""VAL"":""83.6"",""CODE"":""01"",""LABEL"":""남자""},{""VAL"":""16.2"",""CODE"":""02"",""LABEL"":""여자""},{""VAL"":""0.2"",""CODE"":""03"",""LABEL"":""미상""}],""result"":""S"",""code"":"""",""dc_lvngTfbDetail"":{""SGG_CD"":""00000"",""FRS_RGT_DTM"":""20260402110334"",""SIDO_NM"":""서울특별시"",""N100_LVNG_TFB_NM"":""중고차판매점"",""LST_ALT_DATA_MAAG_USER_ID"":""1"",""AGE_CNT_03"":""145"",""AGE_CNT_02"":""62"",""FRS_RGT_DATA_MAAG_PGM_ID"":""UTQMTDBA11"",""AGE_CNT_05"":""90"",""AGE_CNT_04"":""141"",""AGE_CNT_06"":""49"",""YR"":""2025"",""AVG_ASCD_MM_CNT"":9,""LST_ALT_DATA_MAAG_CL_CD"":""01"",""AGE_CNT_01"":""7"",""FRS_RGT_DATA_MAAG_CL_CD"":""01"",""LST_ALT_DTM"":""20260402110334"",""AVG_GIN_AMT"":81542.0,""PYR_CPR_AVG_GIN_AMT_INCR_RTE"":23.56,""FRS_RGT_DATA_MAAG_USER_ID"":""1"",""SIDO_CD"":""11"",""SGG_NM"":""합계"",""GIN_AMT_PCTL_RKG"":""35"",""THMA_STT_TBL_ID"":""TTQSNAI01T088712"",""INDC_ORDER"":137473,""TOTA_BMAN_CNT"":""495"",""PYR_CPR_TOT_BMAN_CNT_INCR_RTE"":-0.2,""LST_ALT_DATA_MAAG_PGM_ID"":""UTQMTDBA11"",""SEX_CNT_01"":""414"",""AVG_ASCD_YM_CNT"":""129.149688"",""GIN_AMT_PCTL"":""227744361.30"",""SEX_CNT_02"":""80"",""SEX_CNT_03"":""1"",""N100_LVNG_TFB_CD"":""027"",""TOTA_BMAN_CNT_TEXT"":""495"",""AGE_CNT_10"":""1"",""AVG_ASCD_YY_CNT"":10},""message"":"""",""dc_ageDataList"":[{""VAL"":""1.4"",""CODE"":""01"",""LABEL"":""30세미만""},{""VAL"":""12.5"",""CODE"":""02"",""LABEL"":""30세이상""},{""VAL"":""29.3"",""CODE"":""03"",""LABEL"":""40세이상""},{""VAL"":""28.5"",""CODE"":""04"",""LABEL"":""50세이상""},{""VAL"":""18.2"",""CODE"":""05"",""LABEL"":""60세이상""},{""VAL"":""9.9"",""CODE"":""06"",""LABEL"":""70세이상""},{""VAL"":""0.2"",""CODE"":""10"",""LABEL"":""미상""}]}"
NTS_TASIS_LIVING_BUSINESS,028,채소가게,2025,2024,2025,11,서울특별시,00000,합계,34839.0,2903.25,3.9,1867,2.64,7,11,1175,690,"{""dc_sexDataList"":[{""VAL"":""62.9"",""CODE"":""01"",""LABEL"":""남자""},{""VAL"":""37.0"",""CODE"":""02"",""LABEL"":""여자""},{""VAL"":""0.1"",""CODE"":""03"",""LABEL"":""미상""}],""result"":""S"",""code"":"""",""dc_lvngTfbDetail"":{""SGG_CD"":""00000"",""FRS_RGT_DTM"":""20260402110334"",""SIDO_NM"":""서울특별시"",""N100_LVNG_TFB_NM"":""채소가게"",""LST_ALT_DATA_MAAG_USER_ID"":""1"",""AGE_CNT_03"":""290"",""AGE_CNT_02"":""180"",""FRS_RGT_DATA_MAAG_PGM_ID"":""UTQMTDBA11"",""AGE_CNT_05"":""599"",""AGE_CNT_04"":""475"",""AGE_CNT_06"":""279"",""YR"":""2025"",""AVG_ASCD_MM_CNT"":11,""LST_ALT_DATA_MAAG_CL_CD"":""01"",""AGE_CNT_01"":""42"",""FRS_RGT_DATA_MAAG_CL_CD"":""01"",""LST_ALT_DTM"":""20260402110334"",""AVG_GIN_AMT"":34839.0,""PYR_CPR_AVG_GIN_AMT_INCR_RTE"":3.9,""FRS_RGT_DATA_MAAG_USER_ID"":""1"",""SIDO_CD"":""11"",""SGG_NM"":""합계"",""GIN_AMT_PCTL_RKG"":""35"",""THMA_STT_TBL_ID"":""TTQSNAI01T088712"",""INDC_ORDER"":141696,""TOTA_BMAN_CNT"":""1867"",""PYR_CPR_TOT_BMAN_CNT_INCR_RTE"":2.64,""LST_ALT_DATA_MAAG_PGM_ID"":""UTQMTDBA11"",""SEX_CNT_01"":""1175"",""AVG_ASCD_YM_CNT"":""95.616335"",""GIN_AMT_PCTL"":""287228062.50"",""SEX_CNT_02"":""690"",""SEX_CNT_03"":""2"",""N100_LVNG_TFB_CD"":""028"",""TOTA_BMAN_CNT_TEXT"":""1867"",""AGE_CNT_10"":""2"",""AVG_ASCD_YY_CNT"":7},""message"":"""",""dc_ageDataList"":[{""VAL"":""2.2"",""CODE"":""01"",""LABEL"":""30세미만""},{""VAL"":""9.6"",""CODE"":""02"",""LABEL"":""30세이상""},{""VAL"":""15.5"",""CODE"":""03"",""LABEL"":""40세이상""},{""VAL"":""25.4"",""CODE"":""04"",""LABEL"":""50세이상""},{""VAL"":""32.1"",""CODE"":""05"",""LABEL"":""60세이상""},{""VAL"":""14.9"",""CODE"":""06"",""LABEL"":""70세이상""},{""VAL"":""0.1"",""CODE"":""10"",""LABEL"":""미상""}]}"
NTS_TASIS_LIVING_BUSINESS,029,철물점,2025,2024,2025,11,서울특별시,00000,합계,9939.0,828.25,-8.35,1286,0.08,17,11,1025,261,"{""dc_sexDataList"":[{""VAL"":""79.7"",""CODE"":""01"",""LABEL"":""남자""},{""VAL"":""20.3"",""CODE"":""02"",""LABEL"":""여자""},{""VAL"":""0.0"",""CODE"":""03"",""LABEL"":""미상""}],""result"":""S"",""code"":"""",""dc_lvngTfbDetail"":{""SGG_CD"":""00000"",""FRS_RGT_DTM"":""20260402110334"",""SIDO_NM"":""서울특별시"",""N100_LVNG_TFB_NM"":""철물점"",""LST_ALT_DATA_MAAG_USER_ID"":""1"",""AGE_CNT_03"":""130"",""AGE_CNT_02"":""50"",""FRS_RGT_DATA_MAAG_PGM_ID"":""UTQMTDBA11"",""AGE_CNT_05"":""480"",""AGE_CNT_04"":""219"",""AGE_CNT_06"":""397"",""YR"":""2025"",""AVG_ASCD_MM_CNT"":11,""LST_ALT_DATA_MAAG_CL_CD"":""01"",""AGE_CNT_01"":""10"",""FRS_RGT_DATA_MAAG_CL_CD"":""01"",""LST_ALT_DTM"":""20260402110334"",""AVG_GIN_AMT"":9939.0,""PYR_CPR_AVG_GIN_AMT_INCR_RTE"":-8.35,""FRS_RGT_DATA_MAAG_USER_ID"":""1"",""SIDO_CD"":""11"",""SGG_NM"":""합계"",""GIN_AMT_PCTL_RKG"":""10"",""THMA_STT_TBL_ID"":""TTQSNAI01T088712"",""INDC_ORDER"":146878,""TOTA_BMAN_CNT"":""1286"",""PYR_CPR_TOT_BMAN_CNT_INCR_RTE"":0.08,""LST_ALT_DATA_MAAG_PGM_ID"":""UTQMTDBA11"",""SEX_CNT_01"":""1025"",""AVG_ASCD_YM_CNT"":""215.952455"",""GIN_AMT_PCTL"":""231477306.20"",""SEX_CNT_02"":""261"",""SEX_CNT_03"":""0"",""N100_LVNG_TFB_CD"":""029"",""TOTA_BMAN_CNT_TEXT"":""1286"",""AGE_CNT_10"":""0"",""AVG_ASCD_YY_CNT"":17},""message"":"""",""dc_ageDataList"":[{""VAL"":""0.8"",""CODE"":""01"",""LABEL"":""30세미만""},{""VAL"":""3.9"",""CODE"":""02"",""LABEL"":""30세이상""},{""VAL"":""10.1"",""CODE"":""03"",""LABEL"":""40세이상""},{""VAL"":""17.0"",""CODE"":""04"",""LABEL"":""50세이상""},{""VAL"":""37.3"",""CODE"":""05"",""LABEL"":""60세이상""},{""VAL"":""30.9"",""CODE"":""06"",""LABEL"":""70세이상""},{""VAL"":""0.0"",""CODE"":""10"",""LABEL"":""미상""}]}"
NTS_TASIS_LIVING_BUSINESS,030,침구ㆍ커튼가게,2025,2024,2025,11,서울특별시,00000,합계,8722.0,726.833333,-6.05,1098,-3.17,14,3,427,671,"{""dc_sexDataList"":[{""VAL"":""38.9"",""CODE"":""01"",""LABEL"":""남자""},{""VAL"":""61.1"",""CODE"":""02"",""LABEL"":""여자""},{""VAL"":""0.0"",""CODE"":""03"",""LABEL"":""미상""}],""result"":""S"",""code"":"""",""dc_lvngTfbDetail"":{""SGG_CD"":""00000"",""FRS_RGT_DTM"":""20260402110334"",""SIDO_NM"":""서울특별시"",""N100_LVNG_TFB_NM"":""침구ㆍ커튼가게"",""LST_ALT_DATA_MAAG_USER_ID"":""1"",""AGE_CNT_03"":""150"",""AGE_CNT_02"":""73"",""FRS_RGT_DATA_MAAG_PGM_ID"":""UTQMTDBA11"",""AGE_CNT_05"":""379"",""AGE_CNT_04"":""257"",""AGE_CNT_06"":""226"",""YR"":""2025"",""AVG_ASCD_MM_CNT"":3,""LST_ALT_DATA_MAAG_CL_CD"":""01"",""AGE_CNT_01"":""13"",""FRS_RGT_DATA_MAAG_CL_CD"":""01"",""LST_ALT_DTM"":""20260402110334"",""AVG_GIN_AMT"":8722.0,""PYR_CPR_AVG_GIN_AMT_INCR_RTE"":-6.05,""FRS_RGT_DATA_MAAG_USER_ID"":""1"",""SIDO_CD"":""11"",""SGG_NM"":""합계"",""GIN_AMT_PCTL_RKG"":""10"",""THMA_STT_TBL_ID"":""TTQSNAI01T088712"",""INDC_ORDER"":152044,""TOTA_BMAN_CNT"":""1098"",""PYR_CPR_TOT_BMAN_CNT_INCR_RTE"":-3.17,""LST_ALT_DATA_MAAG_PGM_ID"":""UTQMTDBA11"",""SEX_CNT_01"":""427"",""AVG_ASCD_YM_CNT"":""171.418032"",""GIN_AMT_PCTL"":""218781269.80"",""SEX_CNT_02"":""671"",""SEX_CNT_03"":""0"",""N100_LVNG_TFB_CD"":""030"",""TOTA_BMAN_CNT_TEXT"":""1098"",""AGE_CNT_10"":""0"",""AVG_ASCD_YY_CNT"":14},""message"":"""",""dc_ageDataList"":[{""VAL"":""1.2"",""CODE"":""01"",""LABEL"":""30세미만""},{""VAL"":""6.6"",""CODE"":""02"",""LABEL"":""30세이상""},{""VAL"":""13.7"",""CODE"":""03"",""LABEL"":""40세이상""},{""VAL"":""23.4"",""CODE"":""04"",""LABEL"":""50세이상""},{""VAL"":""34.5"",""CODE"":""05"",""LABEL"":""60세이상""},{""VAL"":""20.6"",""CODE"":""06"",""LABEL"":""70세이상""},{""VAL"":""0.0"",""CODE"":""10"",""LABEL"":""미상""}]}"
NTS_TASIS_LIVING_BUSINESS,031,컴퓨터판매점,2025,2024,2025,11,서울특별시,00000,합계,19883.0,1656.916667,1.59,1206,0.08,9,3,949,257,"{""dc_sexDataList"":[{""VAL"":""78.7"",""CODE"":""01"",""LABEL"":""남자""},{""VAL"":""21.3"",""CODE"":""02"",""LABEL"":""여자""},{""VAL"":""0.0"",""CODE"":""03"",""LABEL"":""미상""}],""result"":""S"",""code"":"""",""dc_lvngTfbDetail"":{""SGG_CD"":""00000"",""FRS_RGT_DTM"":""20260402110334"",""SIDO_NM"":""서울특별시"",""N100_LVNG_TFB_NM"":""컴퓨터판매점"",""LST_ALT_DATA_MAAG_USER_ID"":""1"",""AGE_CNT_03"":""424"",""AGE_CNT_02"":""94"",""FRS_RGT_DATA_MAAG_PGM_ID"":""UTQMTDBA11"",""AGE_CNT_05"":""149"",""AGE_CNT_04"":""501"",""AGE_CNT_06"":""21"",""YR"":""2025"",""AVG_ASCD_MM_CNT"":3,""LST_ALT_DATA_MAAG_CL_CD"":""01"",""AGE_CNT_01"":""17"",""FRS_RGT_DATA_MAAG_CL_CD"":""01"",""LST_ALT_DTM"":""20260402110334"",""AVG_GIN_AMT"":19883.0,""PYR_CPR_AVG_GIN_AMT_INCR_RTE"":1.59,""FRS_RGT_DATA_MAAG_USER_ID"":""1"",""SIDO_CD"":""11"",""SGG_NM"":""합계"",""GIN_AMT_PCTL_RKG"":""20"",""THMA_STT_TBL_ID"":""TTQSNAI01T088712"",""INDC_ORDER"":157173,""TOTA_BMAN_CNT"":""1206"",""PYR_CPR_TOT_BMAN_CNT_INCR_RTE"":0.08,""LST_ALT_DATA_MAAG_PGM_ID"":""UTQMTDBA11"",""SEX_CNT_01"":""949"",""AVG_ASCD_YM_CNT"":""111.558701"",""GIN_AMT_PCTL"":""252473930.80"",""SEX_CNT_02"":""257"",""SEX_CNT_03"":""0"",""N100_LVNG_TFB_CD"":""031"",""TOTA_BMAN_CNT_TEXT"":""1206"",""AGE_CNT_10"":""0"",""AVG_ASCD_YY_CNT"":9},""message"":"""",""dc_ageDataList"":[{""VAL"":""1.4"",""CODE"":""01"",""LABEL"":""30세미만""},{""VAL"":""7.8"",""CODE"":""02"",""LABEL"":""30세이상""},{""VAL"":""35.2"",""CODE"":""03"",""LABEL"":""40세이상""},{""VAL"":""41.5"",""CODE"":""04"",""LABEL"":""50세이상""},{""VAL"":""12.4"",""CODE"":""05"",""LABEL"":""60세이상""},{""VAL"":""1.7"",""CODE"":""06"",""LABEL"":""70세이상""},{""VAL"":""0.0"",""CODE"":""10"",""LABEL"":""미상""}]}"
NTS_TASIS_LIVING_BUSINESS,032,통신판매업,2025,2024,2025,11,서울특별시,00000,합계,12082.0,1006.833333,2.83,165922,3.97,4,0,75639,90276,"{""dc_sexDataList"":[{""VAL"":""45.6"",""CODE"":""01"",""LABEL"":""남자""},{""VAL"":""54.4"",""CODE"":""02"",""LABEL"":""여자""},{""VAL"":""0.0"",""CODE"":""03"",""LABEL"":""미상""}],""result"":""S"",""code"":"""",""dc_lvngTfbDetail"":{""SGG_CD"":""00000"",""FRS_RGT_DTM"":""20260402110334"",""SIDO_NM"":""서울특별시"",""N100_LVNG_TFB_NM"":""통신판매업"",""LST_ALT_DATA_MAAG_USER_ID"":""1"",""AGE_CNT_03"":""47283"",""AGE_CNT_02"":""59883"",""FRS_RGT_DATA_MAAG_PGM_ID"":""UTQMTDBA11"",""AGE_CNT_05"":""10353"",""AGE_CNT_04"":""24468"",""AGE_CNT_06"":""2921"",""YR"":""2025"",""AVG_ASCD_MM_CNT"":0,""LST_ALT_DATA_MAAG_CL_CD"":""01"",""AGE_CNT_01"":""21004"",""FRS_RGT_DATA_MAAG_CL_CD"":""01"",""LST_ALT_DTM"":""20260402110334"",""AVG_GIN_AMT"":12082.0,""PYR_CPR_AVG_GIN_AMT_INCR_RTE"":2.83,""FRS_RGT_DATA_MAAG_USER_ID"":""1"",""SIDO_CD"":""11"",""SGG_NM"":""합계"",""GIN_AMT_PCTL_RKG"":""10"",""THMA_STT_TBL_ID"":""TTQSNAI01T088712"",""INDC_ORDER"":162111,""TOTA_BMAN_CNT"":""165922"",""PYR_CPR_TOT_BMAN_CNT_INCR_RTE"":3.97,""LST_ALT_DATA_MAAG_PGM_ID"":""UTQMTDBA11"",""SEX_CNT_01"":""75639"",""AVG_ASCD_YM_CNT"":""48.645064"",""GIN_AMT_PCTL"":""284549988.20"",""SEX_CNT_02"":""90276"",""SEX_CNT_03"":""7"",""N100_LVNG_TFB_CD"":""032"",""TOTA_BMAN_CNT_TEXT"":""165922"",""AGE_CNT_10"":""10"",""AVG_ASCD_YY_CNT"":4},""message"":"""",""dc_ageDataList"":[{""VAL"":""12.7"",""CODE"":""01"",""LABEL"":""30세미만""},{""VAL"":""36.1"",""CODE"":""02"",""LABEL"":""30세이상""},{""VAL"":""28.5"",""CODE"":""03"",""LABEL"":""40세이상""},{""VAL"":""14.7"",""CODE"":""04"",""LABEL"":""50세이상""},{""VAL"":""6.2"",""CODE"":""05"",""LABEL"":""60세이상""},{""VAL"":""1.8"",""CODE"":""06"",""LABEL"":""70세이상""},{""VAL"":""0.0"",""CODE"":""10"",""LABEL"":""미상""}]}"
NTS_TASIS_LIVING_BUSINESS,033,편의점,2025,2024,2025,11,서울특별시,00000,합계,65655.0,5471.25,2.15,8326,-2.53,7,4,4936,3385,"{""dc_sexDataList"":[{""VAL"":""59.3"",""CODE"":""01"",""LABEL"":""남자""},{""VAL"":""40.7"",""CODE"":""02"",""LABEL"":""여자""},{""VAL"":""0.1"",""CODE"":""03"",""LABEL"":""미상""}],""result"":""S"",""code"":"""",""dc_lvngTfbDetail"":{""SGG_CD"":""00000"",""FRS_RGT_DTM"":""20260402110334"",""SIDO_NM"":""서울특별시"",""N100_LVNG_TFB_NM"":""편의점"",""LST_ALT_DATA_MAAG_USER_ID"":""1"",""AGE_CNT_03"":""1584"",""AGE_CNT_02"":""869"",""FRS_RGT_DATA_MAAG_PGM_ID"":""UTQMTDBA11"",""AGE_CNT_05"":""1630"",""AGE_CNT_04"":""3572"",""AGE_CNT_06"":""377"",""YR"":""2025"",""AVG_ASCD_MM_CNT"":4,""LST_ALT_DATA_MAAG_CL_CD"":""01"",""AGE_CNT_01"":""289"",""FRS_RGT_DATA_MAAG_CL_CD"":""01"",""LST_ALT_DTM"":""20260402110334"",""AVG_GIN_AMT"":65655.0,""PYR_CPR_AVG_GIN_AMT_INCR_RTE"":2.15,""FRS_RGT_DATA_MAAG_USER_ID"":""1"",""SIDO_CD"":""11"",""SGG_NM"":""합계"",""GIN_AMT_PCTL_RKG"":""85"",""THMA_STT_TBL_ID"":""TTQSNAI01T088712"",""INDC_ORDER"":167313,""TOTA_BMAN_CNT"":""8326"",""PYR_CPR_TOT_BMAN_CNT_INCR_RTE"":-2.53,""LST_ALT_DATA_MAAG_PGM_ID"":""UTQMTDBA11"",""SEX_CNT_01"":""4936"",""AVG_ASCD_YM_CNT"":""88.195517"",""GIN_AMT_PCTL"":""295370697.20"",""SEX_CNT_02"":""3385"",""SEX_CNT_03"":""5"",""N100_LVNG_TFB_CD"":""033"",""TOTA_BMAN_CNT_TEXT"":""8326"",""AGE_CNT_10"":""5"",""AVG_ASCD_YY_CNT"":7},""message"":"""",""dc_ageDataList"":[{""VAL"":""3.5"",""CODE"":""01"",""LABEL"":""30세미만""},{""VAL"":""10.4"",""CODE"":""02"",""LABEL"":""30세이상""},{""VAL"":""19.0"",""CODE"":""03"",""LABEL"":""40세이상""},{""VAL"":""42.9"",""CODE"":""04"",""LABEL"":""50세이상""},{""VAL"":""19.6"",""CODE"":""05"",""LABEL"":""60세이상""},{""VAL"":""4.5"",""CODE"":""06"",""LABEL"":""70세이상""},{""VAL"":""0.1"",""CODE"":""10"",""LABEL"":""미상""}]}"
NTS_TASIS_LIVING_BUSINESS,034,화장품가게,2025,2024,2025,11,서울특별시,00000,합계,8924.0,743.666667,8.66,6385,-5.73,8,0,1724,4661,"{""dc_sexDataList"":[{""VAL"":""27.0"",""CODE"":""01"",""LABEL"":""남자""},{""VAL"":""73.0"",""CODE"":""02"",""LABEL"":""여자""},{""VAL"":""0.0"",""CODE"":""03"",""LABEL"":""미상""}],""result"":""S"",""code"":"""",""dc_lvngTfbDetail"":{""SGG_CD"":""00000"",""FRS_RGT_DTM"":""20260402110334"",""SIDO_NM"":""서울특별시"",""N100_LVNG_TFB_NM"":""화장품가게"",""LST_ALT_DATA_MAAG_USER_ID"":""1"",""AGE_CNT_03"":""1570"",""AGE_CNT_02"":""1108"",""FRS_RGT_DATA_MAAG_PGM_ID"":""UTQMTDBA11"",""AGE_CNT_05"":""1254"",""AGE_CNT_04"":""1792"",""AGE_CNT_06"":""401"",""YR"":""2025"",""AVG_ASCD_MM_CNT"":0,""LST_ALT_DATA_MAAG_CL_CD"":""01"",""AGE_CNT_01"":""260"",""FRS_RGT_DATA_MAAG_CL_CD"":""01"",""LST_ALT_DTM"":""20260402110334"",""AVG_GIN_AMT"":8924.0,""PYR_CPR_AVG_GIN_AMT_INCR_RTE"":8.66,""FRS_RGT_DATA_MAAG_USER_ID"":""1"",""SIDO_CD"":""11"",""SGG_NM"":""합계"",""GIN_AMT_PCTL_RKG"":""10"",""THMA_STT_TBL_ID"":""TTQSNAI01T088712"",""INDC_ORDER"":172485,""TOTA_BMAN_CNT"":""6385"",""PYR_CPR_TOT_BMAN_CNT_INCR_RTE"":-5.73,""LST_ALT_DATA_MAAG_PGM_ID"":""UTQMTDBA11"",""SEX_CNT_01"":""1724"",""AVG_ASCD_YM_CNT"":""96.059609"",""GIN_AMT_PCTL"":""171108391.20"",""SEX_CNT_02"":""4661"",""SEX_CNT_03"":""0"",""N100_LVNG_TFB_CD"":""034"",""TOTA_BMAN_CNT_TEXT"":""6385"",""AGE_CNT_10"":""0"",""AVG_ASCD_YY_CNT"":8},""message"":"""",""dc_ageDataList"":[{""VAL"":""4.1"",""CODE"":""01"",""LABEL"":""30세미만""},{""VAL"":""17.4"",""CODE"":""02"",""LABEL"":""30세이상""},{""VAL"":""24.6"",""CODE"":""03"",""LABEL"":""40세이상""},{""VAL"":""28.1"",""CODE"":""04"",""LABEL"":""50세이상""},{""VAL"":""19.6"",""CODE"":""05"",""LABEL"":""60세이상""},{""VAL"":""6.3"",""CODE"":""06"",""LABEL"":""70세이상""},{""VAL"":""0.0"",""CODE"":""10"",""LABEL"":""미상""}]}"
NTS_TASIS_LIVING_BUSINESS,035,휴대폰가게,2025,2024,2025,11,서울특별시,00000,합계,19313.0,1609.416667,1.99,2968,0.34,6,10,2286,682,"{""dc_sexDataList"":[{""VAL"":""77.0"",""CODE"":""01"",""LABEL"":""남자""},{""VAL"":""23.0"",""CODE"":""02"",""LABEL"":""여자""},{""VAL"":""0.0"",""CODE"":""03"",""LABEL"":""미상""}],""result"":""S"",""code"":"""",""dc_lvngTfbDetail"":{""SGG_CD"":""00000"",""FRS_RGT_DTM"":""20260402110334"",""SIDO_NM"":""서울특별시"",""N100_LVNG_TFB_NM"":""휴대폰가게"",""LST_ALT_DATA_MAAG_USER_ID"":""1"",""AGE_CNT_03"":""1056"",""AGE_CNT_02"":""828"",""FRS_RGT_DATA_MAAG_PGM_ID"":""UTQMTDBA11"",""AGE_CNT_05"":""216"",""AGE_CNT_04"":""643"",""AGE_CNT_06"":""44"",""YR"":""2025"",""AVG_ASCD_MM_CNT"":10,""LST_ALT_DATA_MAAG_CL_CD"":""01"",""AGE_CNT_01"":""181"",""FRS_RGT_DATA_MAAG_CL_CD"":""01"",""LST_ALT_DTM"":""20260402110334"",""AVG_GIN_AMT"":19313.0,""PYR_CPR_AVG_GIN_AMT_INCR_RTE"":1.99,""FRS_RGT_DATA_MAAG_USER_ID"":""1"",""SIDO_CD"":""11"",""SGG_NM"":""합계"",""GIN_AMT_PCTL_RKG"":""15"",""THMA_STT_TBL_ID"":""TTQSNAI01T088712"",""INDC_ORDER"":177653,""TOTA_BMAN_CNT"":""2968"",""PYR_CPR_TOT_BMAN_CNT_INCR_RTE"":0.34,""LST_ALT_DATA_MAAG_PGM_ID"":""UTQMTDBA11"",""SEX_CNT_01"":""2286"",""AVG_ASCD_YM_CNT"":""82.998632"",""GIN_AMT_PCTL"":""285476511.40"",""SEX_CNT_02"":""682"",""SEX_CNT_03"":""0"",""N100_LVNG_TFB_CD"":""035"",""TOTA_BMAN_CNT_TEXT"":""2968"",""AGE_CNT_10"":""0"",""AVG_ASCD_YY_CNT"":6},""message"":"""",""dc_ageDataList"":[{""VAL"":""6.1"",""CODE"":""01"",""LABEL"":""30세미만""},{""VAL"":""27.9"",""CODE"":""02"",""LABEL"":""30세이상""},{""VAL"":""35.6"",""CODE"":""03"",""LABEL"":""40세이상""},{""VAL"":""21.7"",""CODE"":""04"",""LABEL"":""50세이상""},{""VAL"":""7.3"",""CODE"":""05"",""LABEL"":""60세이상""},{""VAL"":""1.5"",""CODE"":""06"",""LABEL"":""70세이상""},{""VAL"":""0.0"",""CODE"":""10"",""LABEL"":""미상""}]}"
NTS_TASIS_LIVING_BUSINESS,036,간이주점,2025,2024,2025,11,서울특별시,00000,합계,14305.0,1192.083333,-1.83,2683,-9.08,9,2,1160,1523,"{""dc_sexDataList"":[{""VAL"":""43.2"",""CODE"":""01"",""LABEL"":""남자""},{""VAL"":""56.8"",""CODE"":""02"",""LABEL"":""여자""},{""VAL"":""0.0"",""CODE"":""03"",""LABEL"":""미상""}],""result"":""S"",""code"":"""",""dc_lvngTfbDetail"":{""SGG_CD"":""00000"",""FRS_RGT_DTM"":""20260402110334"",""SIDO_NM"":""서울특별시"",""N100_LVNG_TFB_NM"":""간이주점"",""LST_ALT_DATA_MAAG_USER_ID"":""1"",""AGE_CNT_03"":""514"",""AGE_CNT_02"":""429"",""FRS_RGT_DATA_MAAG_PGM_ID"":""UTQMTDBA11"",""AGE_CNT_05"":""793"",""AGE_CNT_04"":""641"",""AGE_CNT_06"":""234"",""YR"":""2025"",""AVG_ASCD_MM_CNT"":2,""LST_ALT_DATA_MAAG_CL_CD"":""01"",""AGE_CNT_01"":""72"",""FRS_RGT_DATA_MAAG_CL_CD"":""01"",""LST_ALT_DTM"":""20260402110334"",""AVG_GIN_AMT"":14305.0,""PYR_CPR_AVG_GIN_AMT_INCR_RTE"":-1.83,""FRS_RGT_DATA_MAAG_USER_ID"":""1"",""SIDO_CD"":""11"",""SGG_NM"":""합계"",""GIN_AMT_PCTL_RKG"":""15"",""THMA_STT_TBL_ID"":""TTQSNAI01T088712"",""INDC_ORDER"":182840,""TOTA_BMAN_CNT"":""2683"",""PYR_CPR_TOT_BMAN_CNT_INCR_RTE"":-9.08,""LST_ALT_DATA_MAAG_PGM_ID"":""UTQMTDBA11"",""SEX_CNT_01"":""1160"",""AVG_ASCD_YM_CNT"":""110.918878"",""GIN_AMT_PCTL"":""256770380.00"",""SEX_CNT_02"":""1523"",""SEX_CNT_03"":""0"",""N100_LVNG_TFB_CD"":""036"",""TOTA_BMAN_CNT_TEXT"":""2683"",""AGE_CNT_10"":""0"",""AVG_ASCD_YY_CNT"":9},""message"":"""",""dc_ageDataList"":[{""VAL"":""2.7"",""CODE"":""01"",""LABEL"":""30세미만""},{""VAL"":""16.0"",""CODE"":""02"",""LABEL"":""30세이상""},{""VAL"":""19.2"",""CODE"":""03"",""LABEL"":""40세이상""},{""VAL"":""23.9"",""CODE"":""04"",""LABEL"":""50세이상""},{""VAL"":""29.6"",""CODE"":""05"",""LABEL"":""60세이상""},{""VAL"":""8.7"",""CODE"":""06"",""LABEL"":""70세이상""},{""VAL"":""0.0"",""CODE"":""10"",""LABEL"":""미상""}]}"
NTS_TASIS_LIVING_BUSINESS,037,구내식당,2025,2024,2025,11,서울특별시,00000,합계,22966.0,1913.833333,1.73,2398,-4.54,17,0,1153,1242,"{""dc_sexDataList"":[{""VAL"":""48.1"",""CODE"":""01"",""LABEL"":""남자""},{""VAL"":""51.8"",""CODE"":""02"",""LABEL"":""여자""},{""VAL"":""0.1"",""CODE"":""03"",""LABEL"":""미상""}],""result"":""S"",""code"":"""",""dc_lvngTfbDetail"":{""SGG_CD"":""00000"",""FRS_RGT_DTM"":""20260402110334"",""SIDO_NM"":""서울특별시"",""N100_LVNG_TFB_NM"":""구내식당"",""LST_ALT_DATA_MAAG_USER_ID"":""1"",""AGE_CNT_03"":""322"",""AGE_CNT_02"":""54"",""FRS_RGT_DATA_MAAG_PGM_ID"":""UTQMTDBA11"",""AGE_CNT_05"":""861"",""AGE_CNT_04"":""779"",""AGE_CNT_06"":""377"",""YR"":""2025"",""AVG_ASCD_MM_CNT"":0,""LST_ALT_DATA_MAAG_CL_CD"":""01"",""AGE_CNT_01"":""2"",""FRS_RGT_DATA_MAAG_CL_CD"":""01"",""LST_ALT_DTM"":""20260402110334"",""AVG_GIN_AMT"":22966.0,""PYR_CPR_AVG_GIN_AMT_INCR_RTE"":1.73,""FRS_RGT_DATA_MAAG_USER_ID"":""1"",""SIDO_CD"":""11"",""SGG_NM"":""합계"",""GIN_AMT_PCTL_RKG"":""25"",""THMA_STT_TBL_ID"":""TTQSNAI01T088712"",""INDC_ORDER"":187720,""TOTA_BMAN_CNT"":""2398"",""PYR_CPR_TOT_BMAN_CNT_INCR_RTE"":-4.54,""LST_ALT_DATA_MAAG_PGM_ID"":""UTQMTDBA11"",""SEX_CNT_01"":""1153"",""AVG_ASCD_YM_CNT"":""204.503004"",""GIN_AMT_PCTL"":""296578953.00"",""SEX_CNT_02"":""1242"",""SEX_CNT_03"":""3"",""N100_LVNG_TFB_CD"":""037"",""TOTA_BMAN_CNT_TEXT"":""2398"",""AGE_CNT_10"":""3"",""AVG_ASCD_YY_CNT"":17},""message"":"""",""dc_ageDataList"":[{""VAL"":""0.1"",""CODE"":""01"",""LABEL"":""30세미만""},{""VAL"":""2.3"",""CODE"":""02"",""LABEL"":""30세이상""},{""VAL"":""13.4"",""CODE"":""03"",""LABEL"":""40세이상""},{""VAL"":""32.5"",""CODE"":""04"",""LABEL"":""50세이상""},{""VAL"":""35.9"",""CODE"":""05"",""LABEL"":""60세이상""},{""VAL"":""15.7"",""CODE"":""06"",""LABEL"":""70세이상""},{""VAL"":""0.1"",""CODE"":""10"",""LABEL"":""미상""}]}"
NTS_TASIS_LIVING_BUSINESS,038,기타외국식음식점,2025,2024,2025,11,서울특별시,00000,합계,26218.0,2184.833333,3.29,9140,-1.03,4,8,6093,3040,"{""dc_sexDataList"":[{""VAL"":""66.7"",""CODE"":""01"",""LABEL"":""남자""},{""VAL"":""33.3"",""CODE"":""02"",""LABEL"":""여자""},{""VAL"":""0.1"",""CODE"":""03"",""LABEL"":""미상""}],""result"":""S"",""code"":"""",""dc_lvngTfbDetail"":{""SGG_CD"":""00000"",""FRS_RGT_DTM"":""20260402110334"",""SIDO_NM"":""서울특별시"",""N100_LVNG_TFB_NM"":""기타외국식음식점"",""LST_ALT_DATA_MAAG_USER_ID"":""1"",""AGE_CNT_03"":""2905"",""AGE_CNT_02"":""3191"",""FRS_RGT_DATA_MAAG_PGM_ID"":""UTQMTDBA11"",""AGE_CNT_05"":""658"",""AGE_CNT_04"":""1604"",""AGE_CNT_06"":""156"",""YR"":""2025"",""AVG_ASCD_MM_CNT"":8,""LST_ALT_DATA_MAAG_CL_CD"":""01"",""AGE_CNT_01"":""619"",""FRS_RGT_DATA_MAAG_CL_CD"":""01"",""LST_ALT_DTM"":""20260402110334"",""AVG_GIN_AMT"":26218.0,""PYR_CPR_AVG_GIN_AMT_INCR_RTE"":3.29,""FRS_RGT_DATA_MAAG_USER_ID"":""1"",""SIDO_CD"":""11"",""SGG_NM"":""합계"",""GIN_AMT_PCTL_RKG"":""30"",""THMA_STT_TBL_ID"":""TTQSNAI01T088712"",""INDC_ORDER"":192908,""TOTA_BMAN_CNT"":""9140"",""PYR_CPR_TOT_BMAN_CNT_INCR_RTE"":-1.03,""LST_ALT_DATA_MAAG_PGM_ID"":""UTQMTDBA11"",""SEX_CNT_01"":""6093"",""AVG_ASCD_YM_CNT"":""56.977742"",""GIN_AMT_PCTL"":""292284372.00"",""SEX_CNT_02"":""3040"",""SEX_CNT_03"":""7"",""N100_LVNG_TFB_CD"":""038"",""TOTA_BMAN_CNT_TEXT"":""9140"",""AGE_CNT_10"":""7"",""AVG_ASCD_YY_CNT"":4},""message"":"""",""dc_ageDataList"":[{""VAL"":""6.8"",""CODE"":""01"",""LABEL"":""30세미만""},{""VAL"":""34.9"",""CODE"":""02"",""LABEL"":""30세이상""},{""VAL"":""31.8"",""CODE"":""03"",""LABEL"":""40세이상""},{""VAL"":""17.5"",""CODE"":""04"",""LABEL"":""50세이상""},{""VAL"":""7.2"",""CODE"":""05"",""LABEL"":""60세이상""},{""VAL"":""1.7"",""CODE"":""06"",""LABEL"":""70세이상""},{""VAL"":""0.1"",""CODE"":""10"",""LABEL"":""미상""}]}"
NTS_TASIS_LIVING_BUSINESS,039,기타음식점,2025,2024,2025,11,서울특별시,00000,합계,18830.0,1569.166667,3.12,3044,-7.14,8,2,1568,1474,"{""dc_sexDataList"":[{""VAL"":""51.5"",""CODE"":""01"",""LABEL"":""남자""},{""VAL"":""48.4"",""CODE"":""02"",""LABEL"":""여자""},{""VAL"":""0.1"",""CODE"":""03"",""LABEL"":""미상""}],""result"":""S"",""code"":"""",""dc_lvngTfbDetail"":{""SGG_CD"":""00000"",""FRS_RGT_DTM"":""20260402110334"",""SIDO_NM"":""서울특별시"",""N100_LVNG_TFB_NM"":""기타음식점"",""LST_ALT_DATA_MAAG_USER_ID"":""1"",""AGE_CNT_03"":""798"",""AGE_CNT_02"":""541"",""FRS_RGT_DATA_MAAG_PGM_ID"":""UTQMTDBA11"",""AGE_CNT_05"":""585"",""AGE_CNT_04"":""804"",""AGE_CNT_06"":""201"",""YR"":""2025"",""AVG_ASCD_MM_CNT"":2,""LST_ALT_DATA_MAAG_CL_CD"":""01"",""AGE_CNT_01"":""113"",""FRS_RGT_DATA_MAAG_CL_CD"":""01"",""LST_ALT_DTM"":""20260402110334"",""AVG_GIN_AMT"":18830.0,""PYR_CPR_AVG_GIN_AMT_INCR_RTE"":3.12,""FRS_RGT_DATA_MAAG_USER_ID"":""1"",""SIDO_CD"":""11"",""SGG_NM"":""합계"",""GIN_AMT_PCTL_RKG"":""20"",""THMA_STT_TBL_ID"":""TTQSNAI01T088712"",""INDC_ORDER"":198053,""TOTA_BMAN_CNT"":""3044"",""PYR_CPR_TOT_BMAN_CNT_INCR_RTE"":-7.14,""LST_ALT_DATA_MAAG_PGM_ID"":""UTQMTDBA11"",""SEX_CNT_01"":""1568"",""AVG_ASCD_YM_CNT"":""98.394825"",""GIN_AMT_PCTL"":""286187318.80"",""SEX_CNT_02"":""1474"",""SEX_CNT_03"":""2"",""N100_LVNG_TFB_CD"":""039"",""TOTA_BMAN_CNT_TEXT"":""3044"",""AGE_CNT_10"":""2"",""AVG_ASCD_YY_CNT"":8},""message"":"""",""dc_ageDataList"":[{""VAL"":""3.7"",""CODE"":""01"",""LABEL"":""30세미만""},{""VAL"":""17.8"",""CODE"":""02"",""LABEL"":""30세이상""},{""VAL"":""26.2"",""CODE"":""03"",""LABEL"":""40세이상""},{""VAL"":""26.4"",""CODE"":""04"",""LABEL"":""50세이상""},{""VAL"":""19.2"",""CODE"":""05"",""LABEL"":""60세이상""},{""VAL"":""6.6"",""CODE"":""06"",""LABEL"":""70세이상""},{""VAL"":""0.1"",""CODE"":""10"",""LABEL"":""미상""}]}"
NTS_TASIS_LIVING_BUSINESS,040,분식점,2025,2024,2025,11,서울특별시,00000,합계,18260.0,1521.666667,3.42,9185,-4.88,7,3,3736,5445,"{""dc_sexDataList"":[{""VAL"":""40.7"",""CODE"":""01"",""LABEL"":""남자""},{""VAL"":""59.3"",""CODE"":""02"",""LABEL"":""여자""},{""VAL"":""0.0"",""CODE"":""03"",""LABEL"":""미상""}],""result"":""S"",""code"":"""",""dc_lvngTfbDetail"":{""SGG_CD"":""00000"",""FRS_RGT_DTM"":""20260402110334"",""SIDO_NM"":""서울특별시"",""N100_LVNG_TFB_NM"":""분식점"",""LST_ALT_DATA_MAAG_USER_ID"":""1"",""AGE_CNT_03"":""1960"",""AGE_CNT_02"":""1363"",""FRS_RGT_DATA_MAAG_PGM_ID"":""UTQMTDBA11"",""AGE_CNT_05"":""2232"",""AGE_CNT_04"":""2549"",""AGE_CNT_06"":""692"",""YR"":""2025"",""AVG_ASCD_MM_CNT"":3,""LST_ALT_DATA_MAAG_CL_CD"":""01"",""AGE_CNT_01"":""385"",""FRS_RGT_DATA_MAAG_CL_CD"":""01"",""LST_ALT_DTM"":""20260402110334"",""AVG_GIN_AMT"":18260.0,""PYR_CPR_AVG_GIN_AMT_INCR_RTE"":3.42,""FRS_RGT_DATA_MAAG_USER_ID"":""1"",""SIDO_CD"":""11"",""SGG_NM"":""합계"",""GIN_AMT_PCTL_RKG"":""20"",""THMA_STT_TBL_ID"":""TTQSNAI01T088712"",""INDC_ORDER"":203240,""TOTA_BMAN_CNT"":""9185"",""PYR_CPR_TOT_BMAN_CNT_INCR_RTE"":-4.88,""LST_ALT_DATA_MAAG_PGM_ID"":""UTQMTDBA11"",""SEX_CNT_01"":""3736"",""AVG_ASCD_YM_CNT"":""87.460627"",""GIN_AMT_PCTL"":""283387056.20"",""SEX_CNT_02"":""5445"",""SEX_CNT_03"":""4"",""N100_LVNG_TFB_CD"":""040"",""TOTA_BMAN_CNT_TEXT"":""9185"",""AGE_CNT_10"":""4"",""AVG_ASCD_YY_CNT"":7},""message"":"""",""dc_ageDataList"":[{""VAL"":""4.2"",""CODE"":""01"",""LABEL"":""30세미만""},{""VAL"":""14.8"",""CODE"":""02"",""LABEL"":""30세이상""},{""VAL"":""21.3"",""CODE"":""03"",""LABEL"":""40세이상""},{""VAL"":""27.8"",""CODE"":""04"",""LABEL"":""50세이상""},{""VAL"":""24.3"",""CODE"":""05"",""LABEL"":""60세이상""},{""VAL"":""7.5"",""CODE"":""06"",""LABEL"":""70세이상""},{""VAL"":""0.0"",""CODE"":""10"",""LABEL"":""미상""}]}"
NTS_TASIS_LIVING_BUSINESS,041,여관ㆍ모텔,2025,2024,2025,11,서울특별시,00000,합계,25737.0,2144.75,6.0,1374,-5.44,11,11,683,690,"{""dc_sexDataList"":[{""VAL"":""49.7"",""CODE"":""01"",""LABEL"":""남자""},{""VAL"":""50.2"",""CODE"":""02"",""LABEL"":""여자""},{""VAL"":""0.1"",""CODE"":""03"",""LABEL"":""미상""}],""result"":""S"",""code"":"""",""dc_lvngTfbDetail"":{""SGG_CD"":""00000"",""FRS_RGT_DTM"":""20260402110334"",""SIDO_NM"":""서울특별시"",""N100_LVNG_TFB_NM"":""여관ㆍ모텔"",""LST_ALT_DATA_MAAG_USER_ID"":""1"",""AGE_CNT_03"":""243"",""AGE_CNT_02"":""120"",""FRS_RGT_DATA_MAAG_PGM_ID"":""UTQMTDBA11"",""AGE_CNT_05"":""314"",""AGE_CNT_04"":""291"",""AGE_CNT_06"":""393"",""YR"":""2025"",""AVG_ASCD_MM_CNT"":11,""LST_ALT_DATA_MAAG_CL_CD"":""01"",""AGE_CNT_01"":""12"",""FRS_RGT_DATA_MAAG_CL_CD"":""01"",""LST_ALT_DTM"":""20260402110334"",""AVG_GIN_AMT"":25737.0,""PYR_CPR_AVG_GIN_AMT_INCR_RTE"":6.0,""FRS_RGT_DATA_MAAG_USER_ID"":""1"",""SIDO_CD"":""11"",""SGG_NM"":""합계"",""GIN_AMT_PCTL_RKG"":""30"",""THMA_STT_TBL_ID"":""TTQSNAI01T088712"",""INDC_ORDER"":208429,""TOTA_BMAN_CNT"":""1374"",""PYR_CPR_TOT_BMAN_CNT_INCR_RTE"":-5.44,""LST_ALT_DATA_MAAG_PGM_ID"":""UTQMTDBA11"",""SEX_CNT_01"":""683"",""AVG_ASCD_YM_CNT"":""143.507299"",""GIN_AMT_PCTL"":""277161801.20"",""SEX_CNT_02"":""690"",""SEX_CNT_03"":""1"",""N100_LVNG_TFB_CD"":""041"",""TOTA_BMAN_CNT_TEXT"":""1374"",""AGE_CNT_10"":""1"",""AVG_ASCD_YY_CNT"":11},""message"":"""",""dc_ageDataList"":[{""VAL"":""0.9"",""CODE"":""01"",""LABEL"":""30세미만""},{""VAL"":""8.7"",""CODE"":""02"",""LABEL"":""30세이상""},{""VAL"":""17.7"",""CODE"":""03"",""LABEL"":""40세이상""},{""VAL"":""21.2"",""CODE"":""04"",""LABEL"":""50세이상""},{""VAL"":""22.9"",""CODE"":""05"",""LABEL"":""60세이상""},{""VAL"":""28.6"",""CODE"":""06"",""LABEL"":""70세이상""},{""VAL"":""0.1"",""CODE"":""10"",""LABEL"":""미상""}]}"
NTS_TASIS_LIVING_BUSINESS,042,일식음식점,2025,2024,2025,11,서울특별시,00000,합계,32321.0,2693.416667,0.78,7061,2.17,5,0,5331,1726,"{""dc_sexDataList"":[{""VAL"":""75.5"",""CODE"":""01"",""LABEL"":""남자""},{""VAL"":""24.4"",""CODE"":""02"",""LABEL"":""여자""},{""VAL"":""0.1"",""CODE"":""03"",""LABEL"":""미상""}],""result"":""S"",""code"":"""",""dc_lvngTfbDetail"":{""SGG_CD"":""00000"",""FRS_RGT_DTM"":""20260402110334"",""SIDO_NM"":""서울특별시"",""N100_LVNG_TFB_NM"":""일식음식점"",""LST_ALT_DATA_MAAG_USER_ID"":""1"",""AGE_CNT_03"":""2342"",""AGE_CNT_02"":""2280"",""FRS_RGT_DATA_MAAG_PGM_ID"":""UTQMTDBA11"",""AGE_CNT_05"":""549"",""AGE_CNT_04"":""1358"",""AGE_CNT_06"":""131"",""YR"":""2025"",""AVG_ASCD_MM_CNT"":0,""LST_ALT_DATA_MAAG_CL_CD"":""01"",""AGE_CNT_01"":""397"",""FRS_RGT_DATA_MAAG_CL_CD"":""01"",""LST_ALT_DTM"":""20260402110334"",""AVG_GIN_AMT"":32321.0,""PYR_CPR_AVG_GIN_AMT_INCR_RTE"":0.78,""FRS_RGT_DATA_MAAG_USER_ID"":""1"",""SIDO_CD"":""11"",""SGG_NM"":""합계"",""GIN_AMT_PCTL_RKG"":""40"",""THMA_STT_TBL_ID"":""TTQSNAI01T088712"",""INDC_ORDER"":213618,""TOTA_BMAN_CNT"":""7061"",""PYR_CPR_TOT_BMAN_CNT_INCR_RTE"":2.17,""LST_ALT_DATA_MAAG_PGM_ID"":""UTQMTDBA11"",""SEX_CNT_01"":""5331"",""AVG_ASCD_YM_CNT"":""60.644190"",""GIN_AMT_PCTL"":""290413552.00"",""SEX_CNT_02"":""1726"",""SEX_CNT_03"":""4"",""N100_LVNG_TFB_CD"":""042"",""TOTA_BMAN_CNT_TEXT"":""7061"",""AGE_CNT_10"":""4"",""AVG_ASCD_YY_CNT"":5},""message"":"""",""dc_ageDataList"":[{""VAL"":""5.6"",""CODE"":""01"",""LABEL"":""30세미만""},{""VAL"":""32.3"",""CODE"":""02"",""LABEL"":""30세이상""},{""VAL"":""33.2"",""CODE"":""03"",""LABEL"":""40세이상""},{""VAL"":""19.2"",""CODE"":""04"",""LABEL"":""50세이상""},{""VAL"":""7.8"",""CODE"":""05"",""LABEL"":""60세이상""},{""VAL"":""1.9"",""CODE"":""06"",""LABEL"":""70세이상""},{""VAL"":""0.1"",""CODE"":""10"",""LABEL"":""미상""}]}"
NTS_TASIS_LIVING_BUSINESS,043,제과점,2025,2024,2025,11,서울특별시,00000,합계,27555.0,2296.25,1.43,4766,3.2,5,9,2096,2665,"{""dc_sexDataList"":[{""VAL"":""44.0"",""CODE"":""01"",""LABEL"":""남자""},{""VAL"":""55.9"",""CODE"":""02"",""LABEL"":""여자""},{""VAL"":""0.1"",""CODE"":""03"",""LABEL"":""미상""}],""result"":""S"",""code"":"""",""dc_lvngTfbDetail"":{""SGG_CD"":""00000"",""FRS_RGT_DTM"":""20260402110334"",""SIDO_NM"":""서울특별시"",""N100_LVNG_TFB_NM"":""제과점"",""LST_ALT_DATA_MAAG_USER_ID"":""1"",""AGE_CNT_03"":""1164"",""AGE_CNT_02"":""1464"",""FRS_RGT_DATA_MAAG_PGM_ID"":""UTQMTDBA11"",""AGE_CNT_05"":""584"",""AGE_CNT_04"":""1072"",""AGE_CNT_06"":""96"",""YR"":""2025"",""AVG_ASCD_MM_CNT"":9,""LST_ALT_DATA_MAAG_CL_CD"":""01"",""AGE_CNT_01"":""381"",""FRS_RGT_DATA_MAAG_CL_CD"":""01"",""LST_ALT_DTM"":""20260402110334"",""AVG_GIN_AMT"":27555.0,""PYR_CPR_AVG_GIN_AMT_INCR_RTE"":1.43,""FRS_RGT_DATA_MAAG_USER_ID"":""1"",""SIDO_CD"":""11"",""SGG_NM"":""합계"",""GIN_AMT_PCTL_RKG"":""35"",""THMA_STT_TBL_ID"":""TTQSNAI01T088712"",""INDC_ORDER"":218720,""TOTA_BMAN_CNT"":""4766"",""PYR_CPR_TOT_BMAN_CNT_INCR_RTE"":3.2,""LST_ALT_DATA_MAAG_PGM_ID"":""UTQMTDBA11"",""SEX_CNT_01"":""2096"",""AVG_ASCD_YM_CNT"":""69.194415"",""GIN_AMT_PCTL"":""276414740.60"",""SEX_CNT_02"":""2665"",""SEX_CNT_03"":""5"",""N100_LVNG_TFB_CD"":""043"",""TOTA_BMAN_CNT_TEXT"":""4766"",""AGE_CNT_10"":""5"",""AVG_ASCD_YY_CNT"":5},""message"":"""",""dc_ageDataList"":[{""VAL"":""8.0"",""CODE"":""01"",""LABEL"":""30세미만""},{""VAL"":""30.7"",""CODE"":""02"",""LABEL"":""30세이상""},{""VAL"":""24.4"",""CODE"":""03"",""LABEL"":""40세이상""},{""VAL"":""22.5"",""CODE"":""04"",""LABEL"":""50세이상""},{""VAL"":""12.3"",""CODE"":""05"",""LABEL"":""60세이상""},{""VAL"":""2.0"",""CODE"":""06"",""LABEL"":""70세이상""},{""VAL"":""0.1"",""CODE"":""10"",""LABEL"":""미상""}]}"
NTS_TASIS_LIVING_BUSINESS,044,중식음식점,2025,2024,2025,11,서울특별시,00000,합계,39981.0,3331.75,3.07,5142,-1.25,6,4,2987,2155,"{""dc_sexDataList"":[{""VAL"":""58.1"",""CODE"":""01"",""LABEL"":""남자""},{""VAL"":""41.9"",""CODE"":""02"",""LABEL"":""여자""},{""VAL"":""0.0"",""CODE"":""03"",""LABEL"":""미상""}],""result"":""S"",""code"":"""",""dc_lvngTfbDetail"":{""SGG_CD"":""00000"",""FRS_RGT_DTM"":""20260402110334"",""SIDO_NM"":""서울특별시"",""N100_LVNG_TFB_NM"":""중식음식점"",""LST_ALT_DATA_MAAG_USER_ID"":""1"",""AGE_CNT_03"":""1468"",""AGE_CNT_02"":""1108"",""FRS_RGT_DATA_MAAG_PGM_ID"":""UTQMTDBA11"",""AGE_CNT_05"":""871"",""AGE_CNT_04"":""1307"",""AGE_CNT_06"":""182"",""YR"":""2025"",""AVG_ASCD_MM_CNT"":4,""LST_ALT_DATA_MAAG_CL_CD"":""01"",""AGE_CNT_01"":""206"",""FRS_RGT_DATA_MAAG_CL_CD"":""01"",""LST_ALT_DTM"":""20260402110334"",""AVG_GIN_AMT"":39981.0,""PYR_CPR_AVG_GIN_AMT_INCR_RTE"":3.07,""FRS_RGT_DATA_MAAG_USER_ID"":""1"",""SIDO_CD"":""11"",""SGG_NM"":""합계"",""GIN_AMT_PCTL_RKG"":""50"",""THMA_STT_TBL_ID"":""TTQSNAI01T088712"",""INDC_ORDER"":223910,""TOTA_BMAN_CNT"":""5142"",""PYR_CPR_TOT_BMAN_CNT_INCR_RTE"":-1.25,""LST_ALT_DATA_MAAG_PGM_ID"":""UTQMTDBA11"",""SEX_CNT_01"":""2987"",""AVG_ASCD_YM_CNT"":""76.495681"",""GIN_AMT_PCTL"":""280965371.00"",""SEX_CNT_02"":""2155"",""SEX_CNT_03"":""0"",""N100_LVNG_TFB_CD"":""044"",""TOTA_BMAN_CNT_TEXT"":""5142"",""AGE_CNT_10"":""0"",""AVG_ASCD_YY_CNT"":6},""message"":"""",""dc_ageDataList"":[{""VAL"":""4.0"",""CODE"":""01"",""LABEL"":""30세미만""},{""VAL"":""21.5"",""CODE"":""02"",""LABEL"":""30세이상""},{""VAL"":""28.5"",""CODE"":""03"",""LABEL"":""40세이상""},{""VAL"":""25.4"",""CODE"":""04"",""LABEL"":""50세이상""},{""VAL"":""16.9"",""CODE"":""05"",""LABEL"":""60세이상""},{""VAL"":""3.5"",""CODE"":""06"",""LABEL"":""70세이상""},{""VAL"":""0.0"",""CODE"":""10"",""LABEL"":""미상""}]}"
NTS_TASIS_LIVING_BUSINESS,045,커피음료점,2025,2024,2025,11,서울특별시,00000,합계,15240.0,1270.0,10.41,16575,-2.68,4,1,7550,9025,"{""dc_sexDataList"":[{""VAL"":""45.6"",""CODE"":""01"",""LABEL"":""남자""},{""VAL"":""54.4"",""CODE"":""02"",""LABEL"":""여자""},{""VAL"":""0.0"",""CODE"":""03"",""LABEL"":""미상""}],""result"":""S"",""code"":"""",""dc_lvngTfbDetail"":{""SGG_CD"":""00000"",""FRS_RGT_DTM"":""20260402110334"",""SIDO_NM"":""서울특별시"",""N100_LVNG_TFB_NM"":""커피음료점"",""LST_ALT_DATA_MAAG_USER_ID"":""1"",""AGE_CNT_03"":""4620"",""AGE_CNT_02"":""5341"",""FRS_RGT_DATA_MAAG_PGM_ID"":""UTQMTDBA11"",""AGE_CNT_05"":""1447"",""AGE_CNT_04"":""3476"",""AGE_CNT_06"":""348"",""YR"":""2025"",""AVG_ASCD_MM_CNT"":1,""LST_ALT_DATA_MAAG_CL_CD"":""01"",""AGE_CNT_01"":""1343"",""FRS_RGT_DATA_MAAG_CL_CD"":""01"",""LST_ALT_DTM"":""20260402110334"",""AVG_GIN_AMT"":15240.0,""PYR_CPR_AVG_GIN_AMT_INCR_RTE"":10.41,""FRS_RGT_DATA_MAAG_USER_ID"":""1"",""SIDO_CD"":""11"",""SGG_NM"":""합계"",""GIN_AMT_PCTL_RKG"":""15"",""THMA_STT_TBL_ID"":""TTQSNAI01T088712"",""INDC_ORDER"":229090,""TOTA_BMAN_CNT"":""16575"",""PYR_CPR_TOT_BMAN_CNT_INCR_RTE"":-2.68,""LST_ALT_DATA_MAAG_PGM_ID"":""UTQMTDBA11"",""SEX_CNT_01"":""7550"",""AVG_ASCD_YM_CNT"":""49.409887"",""GIN_AMT_PCTL"":""291686387.50"",""SEX_CNT_02"":""9025"",""SEX_CNT_03"":""0"",""N100_LVNG_TFB_CD"":""045"",""TOTA_BMAN_CNT_TEXT"":""16575"",""AGE_CNT_10"":""0"",""AVG_ASCD_YY_CNT"":4},""message"":"""",""dc_ageDataList"":[{""VAL"":""8.1"",""CODE"":""01"",""LABEL"":""30세미만""},{""VAL"":""32.2"",""CODE"":""02"",""LABEL"":""30세이상""},{""VAL"":""27.9"",""CODE"":""03"",""LABEL"":""40세이상""},{""VAL"":""21.0"",""CODE"":""04"",""LABEL"":""50세이상""},{""VAL"":""8.7"",""CODE"":""05"",""LABEL"":""60세이상""},{""VAL"":""2.1"",""CODE"":""06"",""LABEL"":""70세이상""},{""VAL"":""0.0"",""CODE"":""10"",""LABEL"":""미상""}]}"
NTS_TASIS_LIVING_BUSINESS,046,패스트푸드점,2025,2024,2025,11,서울특별시,00000,합계,35138.0,2928.166667,5.34,7540,-2.15,5,2,4382,3157,"{""dc_sexDataList"":[{""VAL"":""58.1"",""CODE"":""01"",""LABEL"":""남자""},{""VAL"":""41.9"",""CODE"":""02"",""LABEL"":""여자""},{""VAL"":""0.0"",""CODE"":""03"",""LABEL"":""미상""}],""result"":""S"",""code"":"""",""dc_lvngTfbDetail"":{""SGG_CD"":""00000"",""FRS_RGT_DTM"":""20260402110334"",""SIDO_NM"":""서울특별시"",""N100_LVNG_TFB_NM"":""패스트푸드점"",""LST_ALT_DATA_MAAG_USER_ID"":""1"",""AGE_CNT_03"":""1839"",""AGE_CNT_02"":""1775"",""FRS_RGT_DATA_MAAG_PGM_ID"":""UTQMTDBA11"",""AGE_CNT_05"":""1158"",""AGE_CNT_04"":""2025"",""AGE_CNT_06"":""197"",""YR"":""2025"",""AVG_ASCD_MM_CNT"":2,""LST_ALT_DATA_MAAG_CL_CD"":""01"",""AGE_CNT_01"":""545"",""FRS_RGT_DATA_MAAG_CL_CD"":""01"",""LST_ALT_DTM"":""20260402110334"",""AVG_GIN_AMT"":35138.0,""PYR_CPR_AVG_GIN_AMT_INCR_RTE"":5.34,""FRS_RGT_DATA_MAAG_USER_ID"":""1"",""SIDO_CD"":""11"",""SGG_NM"":""합계"",""GIN_AMT_PCTL_RKG"":""50"",""THMA_STT_TBL_ID"":""TTQSNAI01T088712"",""INDC_ORDER"":234284,""TOTA_BMAN_CNT"":""7540"",""PYR_CPR_TOT_BMAN_CNT_INCR_RTE"":-2.15,""LST_ALT_DATA_MAAG_PGM_ID"":""UTQMTDBA11"",""SEX_CNT_01"":""4382"",""AVG_ASCD_YM_CNT"":""62.663927"",""GIN_AMT_PCTL"":""268144729.00"",""SEX_CNT_02"":""3157"",""SEX_CNT_03"":""1"",""N100_LVNG_TFB_CD"":""046"",""TOTA_BMAN_CNT_TEXT"":""7540"",""AGE_CNT_10"":""1"",""AVG_ASCD_YY_CNT"":5},""message"":"""",""dc_ageDataList"":[{""VAL"":""7.2"",""CODE"":""01"",""LABEL"":""30세미만""},{""VAL"":""23.5"",""CODE"":""02"",""LABEL"":""30세이상""},{""VAL"":""24.4"",""CODE"":""03"",""LABEL"":""40세이상""},{""VAL"":""26.9"",""CODE"":""04"",""LABEL"":""50세이상""},{""VAL"":""15.4"",""CODE"":""05"",""LABEL"":""60세이상""},{""VAL"":""2.6"",""CODE"":""06"",""LABEL"":""70세이상""},{""VAL"":""0.0"",""CODE"":""10"",""LABEL"":""미상""}]}"
NTS_TASIS_LIVING_BUSINESS,047,펜션ㆍ게스트하우스,2025,2024,2025,11,서울특별시,00000,합계,6161.0,513.416667,1.55,2750,38.12,2,8,1188,1562,"{""dc_sexDataList"":[{""VAL"":""43.2"",""CODE"":""01"",""LABEL"":""남자""},{""VAL"":""56.8"",""CODE"":""02"",""LABEL"":""여자""},{""VAL"":""0.0"",""CODE"":""03"",""LABEL"":""미상""}],""result"":""S"",""code"":"""",""dc_lvngTfbDetail"":{""SGG_CD"":""00000"",""FRS_RGT_DTM"":""20260402110334"",""SIDO_NM"":""서울특별시"",""N100_LVNG_TFB_NM"":""펜션ㆍ게스트하우스"",""LST_ALT_DATA_MAAG_USER_ID"":""1"",""AGE_CNT_03"":""769"",""AGE_CNT_02"":""660"",""FRS_RGT_DATA_MAAG_PGM_ID"":""UTQMTDBA11"",""AGE_CNT_05"":""349"",""AGE_CNT_04"":""562"",""AGE_CNT_06"":""181"",""YR"":""2025"",""AVG_ASCD_MM_CNT"":8,""LST_ALT_DATA_MAAG_CL_CD"":""01"",""AGE_CNT_01"":""229"",""FRS_RGT_DATA_MAAG_CL_CD"":""01"",""LST_ALT_DTM"":""20260402110334"",""AVG_GIN_AMT"":6161.0,""PYR_CPR_AVG_GIN_AMT_INCR_RTE"":1.55,""FRS_RGT_DATA_MAAG_USER_ID"":""1"",""SIDO_CD"":""11"",""SGG_NM"":""합계"",""GIN_AMT_PCTL_RKG"":""5"",""THMA_STT_TBL_ID"":""TTQSNAI01T088712"",""INDC_ORDER"":239462,""TOTA_BMAN_CNT"":""2750"",""PYR_CPR_TOT_BMAN_CNT_INCR_RTE"":38.12,""LST_ALT_DATA_MAAG_PGM_ID"":""UTQMTDBA11"",""SEX_CNT_01"":""1188"",""AVG_ASCD_YM_CNT"":""32.670467"",""GIN_AMT_PCTL"":""210964199.40"",""SEX_CNT_02"":""1562"",""SEX_CNT_03"":""0"",""N100_LVNG_TFB_CD"":""047"",""TOTA_BMAN_CNT_TEXT"":""2750"",""AGE_CNT_10"":""0"",""AVG_ASCD_YY_CNT"":2},""message"":"""",""dc_ageDataList"":[{""VAL"":""8.3"",""CODE"":""01"",""LABEL"":""30세미만""},{""VAL"":""24.0"",""CODE"":""02"",""LABEL"":""30세이상""},{""VAL"":""28.0"",""CODE"":""03"",""LABEL"":""40세이상""},{""VAL"":""20.4"",""CODE"":""04"",""LABEL"":""50세이상""},{""VAL"":""12.7"",""CODE"":""05"",""LABEL"":""60세이상""},{""VAL"":""6.6"",""CODE"":""06"",""LABEL"":""70세이상""},{""VAL"":""0.0"",""CODE"":""10"",""LABEL"":""미상""}]}"
NTS_TASIS_LIVING_BUSINESS,048,한식음식점,2025,2024,2025,11,서울특별시,00000,합계,30189.0,2515.75,2.19,54732,-0.85,7,1,28283,26446,"{""dc_sexDataList"":[{""VAL"":""51.7"",""CODE"":""01"",""LABEL"":""남자""},{""VAL"":""48.3"",""CODE"":""02"",""LABEL"":""여자""},{""VAL"":""0.0"",""CODE"":""03"",""LABEL"":""미상""}],""result"":""S"",""code"":"""",""dc_lvngTfbDetail"":{""SGG_CD"":""00000"",""FRS_RGT_DTM"":""20260402110334"",""SIDO_NM"":""서울특별시"",""N100_LVNG_TFB_NM"":""한식음식점"",""LST_ALT_DATA_MAAG_USER_ID"":""1"",""AGE_CNT_03"":""12451"",""AGE_CNT_02"":""9437"",""FRS_RGT_DATA_MAAG_PGM_ID"":""UTQMTDBA11"",""AGE_CNT_05"":""12964"",""AGE_CNT_04"":""13446"",""AGE_CNT_06"":""4214"",""YR"":""2025"",""AVG_ASCD_MM_CNT"":1,""LST_ALT_DATA_MAAG_CL_CD"":""01"",""AGE_CNT_01"":""2217"",""FRS_RGT_DATA_MAAG_CL_CD"":""01"",""LST_ALT_DTM"":""20260402110334"",""AVG_GIN_AMT"":30189.0,""PYR_CPR_AVG_GIN_AMT_INCR_RTE"":2.19,""FRS_RGT_DATA_MAAG_USER_ID"":""1"",""SIDO_CD"":""11"",""SGG_NM"":""합계"",""GIN_AMT_PCTL_RKG"":""35"",""THMA_STT_TBL_ID"":""TTQSNAI01T088712"",""INDC_ORDER"":244492,""TOTA_BMAN_CNT"":""54732"",""PYR_CPR_TOT_BMAN_CNT_INCR_RTE"":-0.85,""LST_ALT_DATA_MAAG_PGM_ID"":""UTQMTDBA11"",""SEX_CNT_01"":""28283"",""AVG_ASCD_YM_CNT"":""85.796088"",""GIN_AMT_PCTL"":""294716150.50"",""SEX_CNT_02"":""26446"",""SEX_CNT_03"":""3"",""N100_LVNG_TFB_CD"":""048"",""TOTA_BMAN_CNT_TEXT"":""54732"",""AGE_CNT_10"":""3"",""AVG_ASCD_YY_CNT"":7},""message"":"""",""dc_ageDataList"":[{""VAL"":""4.1"",""CODE"":""01"",""LABEL"":""30세미만""},{""VAL"":""17.2"",""CODE"":""02"",""LABEL"":""30세이상""},{""VAL"":""22.7"",""CODE"":""03"",""LABEL"":""40세이상""},{""VAL"":""24.6"",""CODE"":""04"",""LABEL"":""50세이상""},{""VAL"":""23.7"",""CODE"":""05"",""LABEL"":""60세이상""},{""VAL"":""7.7"",""CODE"":""06"",""LABEL"":""70세이상""},{""VAL"":""0.0"",""CODE"":""10"",""LABEL"":""미상""}]}"
NTS_TASIS_LIVING_BUSINESS,049,호프주점,2025,2024,2025,11,서울특별시,00000,합계,16165.0,1347.083333,-1.15,4374,-8.11,7,6,1742,2632,"{""dc_sexDataList"":[{""VAL"":""39.8"",""CODE"":""01"",""LABEL"":""남자""},{""VAL"":""60.2"",""CODE"":""02"",""LABEL"":""여자""},{""VAL"":""0.0"",""CODE"":""03"",""LABEL"":""미상""}],""result"":""S"",""code"":"""",""dc_lvngTfbDetail"":{""SGG_CD"":""00000"",""FRS_RGT_DTM"":""20260402110334"",""SIDO_NM"":""서울특별시"",""N100_LVNG_TFB_NM"":""호프주점"",""LST_ALT_DATA_MAAG_USER_ID"":""1"",""AGE_CNT_03"":""885"",""AGE_CNT_02"":""581"",""FRS_RGT_DATA_MAAG_PGM_ID"":""UTQMTDBA11"",""AGE_CNT_05"":""1285"",""AGE_CNT_04"":""1256"",""AGE_CNT_06"":""278"",""YR"":""2025"",""AVG_ASCD_MM_CNT"":6,""LST_ALT_DATA_MAAG_CL_CD"":""01"",""AGE_CNT_01"":""89"",""FRS_RGT_DATA_MAAG_CL_CD"":""01"",""LST_ALT_DTM"":""20260402110334"",""AVG_GIN_AMT"":16165.0,""PYR_CPR_AVG_GIN_AMT_INCR_RTE"":-1.15,""FRS_RGT_DATA_MAAG_USER_ID"":""1"",""SIDO_CD"":""11"",""SGG_NM"":""합계"",""GIN_AMT_PCTL_RKG"":""20"",""THMA_STT_TBL_ID"":""TTQSNAI01T088712"",""INDC_ORDER"":249676,""TOTA_BMAN_CNT"":""4374"",""PYR_CPR_TOT_BMAN_CNT_INCR_RTE"":-8.11,""LST_ALT_DATA_MAAG_PGM_ID"":""UTQMTDBA11"",""SEX_CNT_01"":""1742"",""AVG_ASCD_YM_CNT"":""90.543448"",""GIN_AMT_PCTL"":""247514772.60"",""SEX_CNT_02"":""2632"",""SEX_CNT_03"":""0"",""N100_LVNG_TFB_CD"":""049"",""TOTA_BMAN_CNT_TEXT"":""4374"",""AGE_CNT_10"":""0"",""AVG_ASCD_YY_CNT"":7},""message"":"""",""dc_ageDataList"":[{""VAL"":""2.0"",""CODE"":""01"",""LABEL"":""30세미만""},{""VAL"":""13.3"",""CODE"":""02"",""LABEL"":""30세이상""},{""VAL"":""20.2"",""CODE"":""03"",""LABEL"":""40세이상""},{""VAL"":""28.7"",""CODE"":""04"",""LABEL"":""50세이상""},{""VAL"":""29.4"",""CODE"":""05"",""LABEL"":""60세이상""},{""VAL"":""6.4"",""CODE"":""06"",""LABEL"":""70세이상""},{""VAL"":""0.0"",""CODE"":""10"",""LABEL"":""미상""}]}"
NTS_TASIS_LIVING_BUSINESS,050,pc방,2025,2024,2025,11,서울특별시,00000,합계,31177.0,2598.083333,7.27,1000,-5.48,4,11,720,280,"{""dc_sexDataList"":[{""VAL"":""72.0"",""CODE"":""01"",""LABEL"":""남자""},{""VAL"":""28.0"",""CODE"":""02"",""LABEL"":""여자""},{""VAL"":""0.0"",""CODE"":""03"",""LABEL"":""미상""}],""result"":""S"",""code"":"""",""dc_lvngTfbDetail"":{""SGG_CD"":""00000"",""FRS_RGT_DTM"":""20260402110334"",""SIDO_NM"":""서울특별시"",""N100_LVNG_TFB_NM"":""pc방"",""LST_ALT_DATA_MAAG_USER_ID"":""1"",""AGE_CNT_03"":""364"",""AGE_CNT_02"":""247"",""FRS_RGT_DATA_MAAG_PGM_ID"":""UTQMTDBA11"",""AGE_CNT_05"":""81"",""AGE_CNT_04"":""232"",""AGE_CNT_06"":""35"",""YR"":""2025"",""AVG_ASCD_MM_CNT"":11,""LST_ALT_DATA_MAAG_CL_CD"":""01"",""AGE_CNT_01"":""41"",""FRS_RGT_DATA_MAAG_CL_CD"":""01"",""LST_ALT_DTM"":""20260402110334"",""AVG_GIN_AMT"":31177.0,""PYR_CPR_AVG_GIN_AMT_INCR_RTE"":7.27,""FRS_RGT_DATA_MAAG_USER_ID"":""1"",""SIDO_CD"":""11"",""SGG_NM"":""합계"",""GIN_AMT_PCTL_RKG"":""50"",""THMA_STT_TBL_ID"":""TTQSNAI01T088712"",""INDC_ORDER"":254828,""TOTA_BMAN_CNT"":""1000"",""PYR_CPR_TOT_BMAN_CNT_INCR_RTE"":-5.48,""LST_ALT_DATA_MAAG_PGM_ID"":""UTQMTDBA11"",""SEX_CNT_01"":""720"",""AVG_ASCD_YM_CNT"":""59.003015"",""GIN_AMT_PCTL"":""277804139.00"",""SEX_CNT_02"":""280"",""SEX_CNT_03"":""0"",""N100_LVNG_TFB_CD"":""050"",""TOTA_BMAN_CNT_TEXT"":""1000"",""AGE_CNT_10"":""0"",""AVG_ASCD_YY_CNT"":4},""message"":"""",""dc_ageDataList"":[{""VAL"":""4.1"",""CODE"":""01"",""LABEL"":""30세미만""},{""VAL"":""24.7"",""CODE"":""02"",""LABEL"":""30세이상""},{""VAL"":""36.4"",""CODE"":""03"",""LABEL"":""40세이상""},{""VAL"":""23.2"",""CODE"":""04"",""LABEL"":""50세이상""},{""VAL"":""8.1"",""CODE"":""05"",""LABEL"":""60세이상""},{""VAL"":""3.5"",""CODE"":""06"",""LABEL"":""70세이상""},{""VAL"":""0.0"",""CODE"":""10"",""LABEL"":""미상""}]}"
NTS_TASIS_LIVING_BUSINESS,051,가전제품수리점,2025,2024,2025,11,서울특별시,00000,합계,7761.0,646.75,6.7,3658,6.83,7,8,3302,356,"{""dc_sexDataList"":[{""VAL"":""90.3"",""CODE"":""01"",""LABEL"":""남자""},{""VAL"":""9.7"",""CODE"":""02"",""LABEL"":""여자""},{""VAL"":""0.0"",""CODE"":""03"",""LABEL"":""미상""}],""result"":""S"",""code"":"""",""dc_lvngTfbDetail"":{""SGG_CD"":""00000"",""FRS_RGT_DTM"":""20260402110334"",""SIDO_NM"":""서울특별시"",""N100_LVNG_TFB_NM"":""가전제품수리점"",""LST_ALT_DATA_MAAG_USER_ID"":""1"",""AGE_CNT_03"":""1105"",""AGE_CNT_02"":""559"",""FRS_RGT_DATA_MAAG_PGM_ID"":""UTQMTDBA11"",""AGE_CNT_05"":""610"",""AGE_CNT_04"":""1077"",""AGE_CNT_06"":""204"",""YR"":""2025"",""AVG_ASCD_MM_CNT"":8,""LST_ALT_DATA_MAAG_CL_CD"":""01"",""AGE_CNT_01"":""103"",""FRS_RGT_DATA_MAAG_CL_CD"":""01"",""LST_ALT_DTM"":""20260402110334"",""AVG_GIN_AMT"":7761.0,""PYR_CPR_AVG_GIN_AMT_INCR_RTE"":6.7,""FRS_RGT_DATA_MAAG_USER_ID"":""1"",""SIDO_CD"":""11"",""SGG_NM"":""합계"",""GIN_AMT_PCTL_RKG"":""5"",""THMA_STT_TBL_ID"":""TTQSNAI01T088712"",""INDC_ORDER"":259882,""TOTA_BMAN_CNT"":""3658"",""PYR_CPR_TOT_BMAN_CNT_INCR_RTE"":6.83,""LST_ALT_DATA_MAAG_PGM_ID"":""UTQMTDBA11"",""SEX_CNT_01"":""3302"",""AVG_ASCD_YM_CNT"":""92.431053"",""GIN_AMT_PCTL"":""248579337.50"",""SEX_CNT_02"":""356"",""SEX_CNT_03"":""0"",""N100_LVNG_TFB_CD"":""051"",""TOTA_BMAN_CNT_TEXT"":""3658"",""AGE_CNT_10"":""0"",""AVG_ASCD_YY_CNT"":7},""message"":"""",""dc_ageDataList"":[{""VAL"":""2.8"",""CODE"":""01"",""LABEL"":""30세미만""},{""VAL"":""15.3"",""CODE"":""02"",""LABEL"":""30세이상""},{""VAL"":""30.2"",""CODE"":""03"",""LABEL"":""40세이상""},{""VAL"":""29.4"",""CODE"":""04"",""LABEL"":""50세이상""},{""VAL"":""16.7"",""CODE"":""05"",""LABEL"":""60세이상""},{""VAL"":""5.6"",""CODE"":""06"",""LABEL"":""70세이상""},{""VAL"":""0.0"",""CODE"":""10"",""LABEL"":""미상""}]}"
NTS_TASIS_LIVING_BUSINESS,052,결혼상담소,2025,2024,2025,11,서울특별시,00000,합계,19318.0,1609.833333,4.25,532,2.31,6,4,229,303,"{""dc_sexDataList"":[{""VAL"":""43.0"",""CODE"":""01"",""LABEL"":""남자""},{""VAL"":""57.0"",""CODE"":""02"",""LABEL"":""여자""},{""VAL"":""0.0"",""CODE"":""03"",""LABEL"":""미상""}],""result"":""S"",""code"":"""",""dc_lvngTfbDetail"":{""SGG_CD"":""00000"",""FRS_RGT_DTM"":""20260402110334"",""SIDO_NM"":""서울특별시"",""N100_LVNG_TFB_NM"":""결혼상담소"",""LST_ALT_DATA_MAAG_USER_ID"":""1"",""AGE_CNT_03"":""147"",""AGE_CNT_02"":""81"",""FRS_RGT_DATA_MAAG_PGM_ID"":""UTQMTDBA11"",""AGE_CNT_05"":""108"",""AGE_CNT_04"":""128"",""AGE_CNT_06"":""52"",""YR"":""2025"",""AVG_ASCD_MM_CNT"":4,""LST_ALT_DATA_MAAG_CL_CD"":""01"",""AGE_CNT_01"":""16"",""FRS_RGT_DATA_MAAG_CL_CD"":""01"",""LST_ALT_DTM"":""20260402110334"",""AVG_GIN_AMT"":19318.0,""PYR_CPR_AVG_GIN_AMT_INCR_RTE"":4.25,""FRS_RGT_DATA_MAAG_USER_ID"":""1"",""SIDO_CD"":""11"",""SGG_NM"":""합계"",""GIN_AMT_PCTL_RKG"":""15"",""THMA_STT_TBL_ID"":""TTQSNAI01T088712"",""INDC_ORDER"":265010,""TOTA_BMAN_CNT"":""532"",""PYR_CPR_TOT_BMAN_CNT_INCR_RTE"":2.31,""LST_ALT_DATA_MAAG_PGM_ID"":""UTQMTDBA11"",""SEX_CNT_01"":""229"",""AVG_ASCD_YM_CNT"":""76.001879"",""GIN_AMT_PCTL"":""249456609.75"",""SEX_CNT_02"":""303"",""SEX_CNT_03"":""0"",""N100_LVNG_TFB_CD"":""052"",""TOTA_BMAN_CNT_TEXT"":""532"",""AGE_CNT_10"":""0"",""AVG_ASCD_YY_CNT"":6},""message"":"""",""dc_ageDataList"":[{""VAL"":""3.0"",""CODE"":""01"",""LABEL"":""30세미만""},{""VAL"":""15.2"",""CODE"":""02"",""LABEL"":""30세이상""},{""VAL"":""27.6"",""CODE"":""03"",""LABEL"":""40세이상""},{""VAL"":""24.1"",""CODE"":""04"",""LABEL"":""50세이상""},{""VAL"":""20.3"",""CODE"":""05"",""LABEL"":""60세이상""},{""VAL"":""9.8"",""CODE"":""06"",""LABEL"":""70세이상""},{""VAL"":""0.0"",""CODE"":""10"",""LABEL"":""미상""}]}"
NTS_TASIS_LIVING_BUSINESS,053,노래방,2025,2024,2025,11,서울특별시,00000,합계,7891.0,657.583333,-2.08,4660,-3.58,8,0,1565,3095,"{""dc_sexDataList"":[{""VAL"":""33.6"",""CODE"":""01"",""LABEL"":""남자""},{""VAL"":""66.4"",""CODE"":""02"",""LABEL"":""여자""},{""VAL"":""0.0"",""CODE"":""03"",""LABEL"":""미상""}],""result"":""S"",""code"":"""",""dc_lvngTfbDetail"":{""SGG_CD"":""00000"",""FRS_RGT_DTM"":""20260402110334"",""SIDO_NM"":""서울특별시"",""N100_LVNG_TFB_NM"":""노래방"",""LST_ALT_DATA_MAAG_USER_ID"":""1"",""AGE_CNT_03"":""636"",""AGE_CNT_02"":""351"",""FRS_RGT_DATA_MAAG_PGM_ID"":""UTQMTDBA11"",""AGE_CNT_05"":""1803"",""AGE_CNT_04"":""1337"",""AGE_CNT_06"":""461"",""YR"":""2025"",""AVG_ASCD_MM_CNT"":0,""LST_ALT_DATA_MAAG_CL_CD"":""01"",""AGE_CNT_01"":""72"",""FRS_RGT_DATA_MAAG_CL_CD"":""01"",""LST_ALT_DTM"":""20260402110334"",""AVG_GIN_AMT"":7891.0,""PYR_CPR_AVG_GIN_AMT_INCR_RTE"":-2.08,""FRS_RGT_DATA_MAAG_USER_ID"":""1"",""SIDO_CD"":""11"",""SGG_NM"":""합계"",""GIN_AMT_PCTL_RKG"":""5"",""THMA_STT_TBL_ID"":""TTQSNAI01T088712"",""INDC_ORDER"":268437,""TOTA_BMAN_CNT"":""4660"",""PYR_CPR_TOT_BMAN_CNT_INCR_RTE"":-3.58,""LST_ALT_DATA_MAAG_PGM_ID"":""UTQMTDBA11"",""SEX_CNT_01"":""1565"",""AVG_ASCD_YM_CNT"":""96.130246"",""GIN_AMT_PCTL"":""192829218.00"",""SEX_CNT_02"":""3095"",""SEX_CNT_03"":""0"",""N100_LVNG_TFB_CD"":""053"",""TOTA_BMAN_CNT_TEXT"":""4660"",""AGE_CNT_10"":""0"",""AVG_ASCD_YY_CNT"":8},""message"":"""",""dc_ageDataList"":[{""VAL"":""1.5"",""CODE"":""01"",""LABEL"":""30세미만""},{""VAL"":""7.5"",""CODE"":""02"",""LABEL"":""30세이상""},{""VAL"":""13.6"",""CODE"":""03"",""LABEL"":""40세이상""},{""VAL"":""28.7"",""CODE"":""04"",""LABEL"":""50세이상""},{""VAL"":""38.7"",""CODE"":""05"",""LABEL"":""60세이상""},{""VAL"":""9.9"",""CODE"":""06"",""LABEL"":""70세이상""},{""VAL"":""0.0"",""CODE"":""10"",""LABEL"":""미상""}]}"
NTS_TASIS_LIVING_BUSINESS,054,당구장,2025,2024,2025,11,서울특별시,00000,합계,6264.0,522.0,5.88,2786,-1.69,6,4,1941,845,"{""dc_sexDataList"":[{""VAL"":""69.7"",""CODE"":""01"",""LABEL"":""남자""},{""VAL"":""30.3"",""CODE"":""02"",""LABEL"":""여자""},{""VAL"":""0.0"",""CODE"":""03"",""LABEL"":""미상""}],""result"":""S"",""code"":"""",""dc_lvngTfbDetail"":{""SGG_CD"":""00000"",""FRS_RGT_DTM"":""20260402110334"",""SIDO_NM"":""서울특별시"",""N100_LVNG_TFB_NM"":""당구장"",""LST_ALT_DATA_MAAG_USER_ID"":""1"",""AGE_CNT_03"":""540"",""AGE_CNT_02"":""362"",""FRS_RGT_DATA_MAAG_PGM_ID"":""UTQMTDBA11"",""AGE_CNT_05"":""775"",""AGE_CNT_04"":""816"",""AGE_CNT_06"":""208"",""YR"":""2025"",""AVG_ASCD_MM_CNT"":4,""LST_ALT_DATA_MAAG_CL_CD"":""01"",""AGE_CNT_01"":""85"",""FRS_RGT_DATA_MAAG_CL_CD"":""01"",""LST_ALT_DTM"":""20260402110334"",""AVG_GIN_AMT"":6264.0,""PYR_CPR_AVG_GIN_AMT_INCR_RTE"":5.88,""FRS_RGT_DATA_MAAG_USER_ID"":""1"",""SIDO_CD"":""11"",""SGG_NM"":""합계"",""GIN_AMT_PCTL_RKG"":""5"",""THMA_STT_TBL_ID"":""TTQSNAI01T088712"",""INDC_ORDER"":273603,""TOTA_BMAN_CNT"":""2786"",""PYR_CPR_TOT_BMAN_CNT_INCR_RTE"":-1.69,""LST_ALT_DATA_MAAG_PGM_ID"":""UTQMTDBA11"",""SEX_CNT_01"":""1941"",""AVG_ASCD_YM_CNT"":""76.140534"",""GIN_AMT_PCTL"":""184387213.50"",""SEX_CNT_02"":""845"",""SEX_CNT_03"":""0"",""N100_LVNG_TFB_CD"":""054"",""TOTA_BMAN_CNT_TEXT"":""2786"",""AGE_CNT_10"":""0"",""AVG_ASCD_YY_CNT"":6},""message"":"""",""dc_ageDataList"":[{""VAL"":""3.1"",""CODE"":""01"",""LABEL"":""30세미만""},{""VAL"":""13.0"",""CODE"":""02"",""LABEL"":""30세이상""},{""VAL"":""19.4"",""CODE"":""03"",""LABEL"":""40세이상""},{""VAL"":""29.3"",""CODE"":""04"",""LABEL"":""50세이상""},{""VAL"":""27.8"",""CODE"":""05"",""LABEL"":""60세이상""},{""VAL"":""7.5"",""CODE"":""06"",""LABEL"":""70세이상""},{""VAL"":""0.0"",""CODE"":""10"",""LABEL"":""미상""}]}"
NTS_TASIS_LIVING_BUSINESS,055,독서실,2025,2024,2025,11,서울특별시,00000,합계,6639.0,553.25,6.36,1676,-8.06,10,5,877,798,"{""dc_sexDataList"":[{""VAL"":""52.3"",""CODE"":""01"",""LABEL"":""남자""},{""VAL"":""47.6"",""CODE"":""02"",""LABEL"":""여자""},{""VAL"":""0.1"",""CODE"":""03"",""LABEL"":""미상""}],""result"":""S"",""code"":"""",""dc_lvngTfbDetail"":{""SGG_CD"":""00000"",""FRS_RGT_DTM"":""20260402110334"",""SIDO_NM"":""서울특별시"",""N100_LVNG_TFB_NM"":""독서실"",""LST_ALT_DATA_MAAG_USER_ID"":""1"",""AGE_CNT_03"":""280"",""AGE_CNT_02"":""134"",""FRS_RGT_DATA_MAAG_PGM_ID"":""UTQMTDBA11"",""AGE_CNT_05"":""449"",""AGE_CNT_04"":""423"",""AGE_CNT_06"":""369"",""YR"":""2025"",""AVG_ASCD_MM_CNT"":5,""LST_ALT_DATA_MAAG_CL_CD"":""01"",""AGE_CNT_01"":""20"",""FRS_RGT_DATA_MAAG_CL_CD"":""01"",""LST_ALT_DTM"":""20260402110334"",""AVG_GIN_AMT"":6639.0,""PYR_CPR_AVG_GIN_AMT_INCR_RTE"":6.36,""FRS_RGT_DATA_MAAG_USER_ID"":""1"",""SIDO_CD"":""11"",""SGG_NM"":""합계"",""GIN_AMT_PCTL_RKG"":""5"",""THMA_STT_TBL_ID"":""TTQSNAI01T088712"",""INDC_ORDER"":278770,""TOTA_BMAN_CNT"":""1676"",""PYR_CPR_TOT_BMAN_CNT_INCR_RTE"":-8.06,""LST_ALT_DATA_MAAG_PGM_ID"":""UTQMTDBA11"",""SEX_CNT_01"":""877"",""AVG_ASCD_YM_CNT"":""125.403498"",""GIN_AMT_PCTL"":""182832857.00"",""SEX_CNT_02"":""798"",""SEX_CNT_03"":""1"",""N100_LVNG_TFB_CD"":""055"",""TOTA_BMAN_CNT_TEXT"":""1676"",""AGE_CNT_10"":""1"",""AVG_ASCD_YY_CNT"":10},""message"":"""",""dc_ageDataList"":[{""VAL"":""1.2"",""CODE"":""01"",""LABEL"":""30세미만""},{""VAL"":""8.0"",""CODE"":""02"",""LABEL"":""30세이상""},{""VAL"":""16.7"",""CODE"":""03"",""LABEL"":""40세이상""},{""VAL"":""25.2"",""CODE"":""04"",""LABEL"":""50세이상""},{""VAL"":""26.8"",""CODE"":""05"",""LABEL"":""60세이상""},{""VAL"":""22.0"",""CODE"":""06"",""LABEL"":""70세이상""},{""VAL"":""0.1"",""CODE"":""10"",""LABEL"":""미상""}]}"
NTS_TASIS_LIVING_BUSINESS,056,목욕탕,2025,2024,2025,11,서울특별시,00000,합계,26789.0,2232.416667,8.4,506,-3.8,12,9,271,234,"{""dc_sexDataList"":[{""VAL"":""53.6"",""CODE"":""01"",""LABEL"":""남자""},{""VAL"":""46.2"",""CODE"":""02"",""LABEL"":""여자""},{""VAL"":""0.2"",""CODE"":""03"",""LABEL"":""미상""}],""result"":""S"",""code"":"""",""dc_lvngTfbDetail"":{""SGG_CD"":""00000"",""FRS_RGT_DTM"":""20260402110334"",""SIDO_NM"":""서울특별시"",""N100_LVNG_TFB_NM"":""목욕탕"",""LST_ALT_DATA_MAAG_USER_ID"":""1"",""AGE_CNT_03"":""73"",""AGE_CNT_02"":""36"",""FRS_RGT_DATA_MAAG_PGM_ID"":""UTQMTDBA11"",""AGE_CNT_05"":""161"",""AGE_CNT_04"":""81"",""AGE_CNT_06"":""145"",""YR"":""2025"",""AVG_ASCD_MM_CNT"":9,""LST_ALT_DATA_MAAG_CL_CD"":""01"",""AGE_CNT_01"":""9"",""FRS_RGT_DATA_MAAG_CL_CD"":""01"",""LST_ALT_DTM"":""20260402110334"",""AVG_GIN_AMT"":26789.0,""PYR_CPR_AVG_GIN_AMT_INCR_RTE"":8.4,""FRS_RGT_DATA_MAAG_USER_ID"":""1"",""SIDO_CD"":""11"",""SGG_NM"":""합계"",""GIN_AMT_PCTL_RKG"":""30"",""THMA_STT_TBL_ID"":""TTQSNAI01T088712"",""INDC_ORDER"":283197,""TOTA_BMAN_CNT"":""506"",""PYR_CPR_TOT_BMAN_CNT_INCR_RTE"":-3.8,""LST_ALT_DATA_MAAG_PGM_ID"":""UTQMTDBA11"",""SEX_CNT_01"":""271"",""AVG_ASCD_YM_CNT"":""153.617821"",""GIN_AMT_PCTL"":""256402566.00"",""SEX_CNT_02"":""234"",""SEX_CNT_03"":""1"",""N100_LVNG_TFB_CD"":""056"",""TOTA_BMAN_CNT_TEXT"":""506"",""AGE_CNT_10"":""1"",""AVG_ASCD_YY_CNT"":12},""message"":"""",""dc_ageDataList"":[{""VAL"":""1.8"",""CODE"":""01"",""LABEL"":""30세미만""},{""VAL"":""7.1"",""CODE"":""02"",""LABEL"":""30세이상""},{""VAL"":""14.4"",""CODE"":""03"",""LABEL"":""40세이상""},{""VAL"":""16.0"",""CODE"":""04"",""LABEL"":""50세이상""},{""VAL"":""31.8"",""CODE"":""05"",""LABEL"":""60세이상""},{""VAL"":""28.7"",""CODE"":""06"",""LABEL"":""70세이상""},{""VAL"":""0.2"",""CODE"":""10"",""LABEL"":""미상""}]}"
NTS_TASIS_LIVING_BUSINESS,057,미용실,2025,2024,2025,11,서울특별시,00000,합계,10512.0,876.0,7.5,19366,0.78,11,4,3628,15736,"{""dc_sexDataList"":[{""VAL"":""18.7"",""CODE"":""01"",""LABEL"":""남자""},{""VAL"":""81.3"",""CODE"":""02"",""LABEL"":""여자""},{""VAL"":""0.0"",""CODE"":""03"",""LABEL"":""미상""}],""result"":""S"",""code"":"""",""dc_lvngTfbDetail"":{""SGG_CD"":""00000"",""FRS_RGT_DTM"":""20260402110334"",""SIDO_NM"":""서울특별시"",""N100_LVNG_TFB_NM"":""미용실"",""LST_ALT_DATA_MAAG_USER_ID"":""1"",""AGE_CNT_03"":""4545"",""AGE_CNT_02"":""3560"",""FRS_RGT_DATA_MAAG_PGM_ID"":""UTQMTDBA11"",""AGE_CNT_05"":""3727"",""AGE_CNT_04"":""5770"",""AGE_CNT_06"":""1046"",""YR"":""2025"",""AVG_ASCD_MM_CNT"":4,""LST_ALT_DATA_MAAG_CL_CD"":""01"",""AGE_CNT_01"":""716"",""FRS_RGT_DATA_MAAG_CL_CD"":""01"",""LST_ALT_DTM"":""20260402110334"",""AVG_GIN_AMT"":10512.0,""PYR_CPR_AVG_GIN_AMT_INCR_RTE"":7.5,""FRS_RGT_DATA_MAAG_USER_ID"":""1"",""SIDO_CD"":""11"",""SGG_NM"":""합계"",""GIN_AMT_PCTL_RKG"":""10"",""THMA_STT_TBL_ID"":""TTQSNAI01T088712"",""INDC_ORDER"":288380,""TOTA_BMAN_CNT"":""19366"",""PYR_CPR_TOT_BMAN_CNT_INCR_RTE"":0.78,""LST_ALT_DATA_MAAG_PGM_ID"":""UTQMTDBA11"",""SEX_CNT_01"":""3628"",""AVG_ASCD_YM_CNT"":""136.907774"",""GIN_AMT_PCTL"":""225974699.80"",""SEX_CNT_02"":""15736"",""SEX_CNT_03"":""2"",""N100_LVNG_TFB_CD"":""057"",""TOTA_BMAN_CNT_TEXT"":""19366"",""AGE_CNT_10"":""2"",""AVG_ASCD_YY_CNT"":11},""message"":"""",""dc_ageDataList"":[{""VAL"":""3.7"",""CODE"":""01"",""LABEL"":""30세미만""},{""VAL"":""18.4"",""CODE"":""02"",""LABEL"":""30세이상""},{""VAL"":""23.5"",""CODE"":""03"",""LABEL"":""40세이상""},{""VAL"":""29.8"",""CODE"":""04"",""LABEL"":""50세이상""},{""VAL"":""19.2"",""CODE"":""05"",""LABEL"":""60세이상""},{""VAL"":""5.4"",""CODE"":""06"",""LABEL"":""70세이상""},{""VAL"":""0.0"",""CODE"":""10"",""LABEL"":""미상""}]}"
NTS_TASIS_LIVING_BUSINESS,058,부동산중개업,2025,2024,2025,11,서울특별시,00000,합계,6185.0,515.416667,30.46,33548,-1.41,8,10,19045,14492,"{""dc_sexDataList"":[{""VAL"":""56.8"",""CODE"":""01"",""LABEL"":""남자""},{""VAL"":""43.2"",""CODE"":""02"",""LABEL"":""여자""},{""VAL"":""0.0"",""CODE"":""03"",""LABEL"":""미상""}],""result"":""S"",""code"":"""",""dc_lvngTfbDetail"":{""SGG_CD"":""00000"",""FRS_RGT_DTM"":""20260402110334"",""SIDO_NM"":""서울특별시"",""N100_LVNG_TFB_NM"":""부동산중개업"",""LST_ALT_DATA_MAAG_USER_ID"":""1"",""AGE_CNT_03"":""5792"",""AGE_CNT_02"":""2693"",""FRS_RGT_DATA_MAAG_PGM_ID"":""UTQMTDBA11"",""AGE_CNT_05"":""10044"",""AGE_CNT_04"":""11147"",""AGE_CNT_06"":""3533"",""YR"":""2025"",""AVG_ASCD_MM_CNT"":10,""LST_ALT_DATA_MAAG_CL_CD"":""01"",""AGE_CNT_01"":""328"",""FRS_RGT_DATA_MAAG_CL_CD"":""01"",""LST_ALT_DTM"":""20260402110334"",""AVG_GIN_AMT"":6185.0,""PYR_CPR_AVG_GIN_AMT_INCR_RTE"":30.46,""FRS_RGT_DATA_MAAG_USER_ID"":""1"",""SIDO_CD"":""11"",""SGG_NM"":""합계"",""GIN_AMT_PCTL_RKG"":""5"",""THMA_STT_TBL_ID"":""TTQSNAI01T088712"",""INDC_ORDER"":293566,""TOTA_BMAN_CNT"":""33548"",""PYR_CPR_TOT_BMAN_CNT_INCR_RTE"":-1.41,""LST_ALT_DATA_MAAG_PGM_ID"":""UTQMTDBA11"",""SEX_CNT_01"":""19045"",""AVG_ASCD_YM_CNT"":""106.615737"",""GIN_AMT_PCTL"":""212160958.20"",""SEX_CNT_02"":""14492"",""SEX_CNT_03"":""11"",""N100_LVNG_TFB_CD"":""058"",""TOTA_BMAN_CNT_TEXT"":""33548"",""AGE_CNT_10"":""11"",""AVG_ASCD_YY_CNT"":8},""message"":"""",""dc_ageDataList"":[{""VAL"":""1.0"",""CODE"":""01"",""LABEL"":""30세미만""},{""VAL"":""8.0"",""CODE"":""02"",""LABEL"":""30세이상""},{""VAL"":""17.3"",""CODE"":""03"",""LABEL"":""40세이상""},{""VAL"":""33.2"",""CODE"":""04"",""LABEL"":""50세이상""},{""VAL"":""29.9"",""CODE"":""05"",""LABEL"":""60세이상""},{""VAL"":""10.5"",""CODE"":""06"",""LABEL"":""70세이상""},{""VAL"":""0.0"",""CODE"":""10"",""LABEL"":""미상""}]}"
NTS_TASIS_LIVING_BUSINESS,059,사진촬영업,2025,2024,2025,11,서울특별시,00000,합계,9228.0,769.0,-4.25,6850,2.47,7,4,4784,2066,"{""dc_sexDataList"":[{""VAL"":""69.8"",""CODE"":""01"",""LABEL"":""남자""},{""VAL"":""30.2"",""CODE"":""02"",""LABEL"":""여자""},{""VAL"":""0.0"",""CODE"":""03"",""LABEL"":""미상""}],""result"":""S"",""code"":"""",""dc_lvngTfbDetail"":{""SGG_CD"":""00000"",""FRS_RGT_DTM"":""20260402110334"",""SIDO_NM"":""서울특별시"",""N100_LVNG_TFB_NM"":""사진촬영업"",""LST_ALT_DATA_MAAG_USER_ID"":""1"",""AGE_CNT_03"":""2001"",""AGE_CNT_02"":""2472"",""FRS_RGT_DATA_MAAG_PGM_ID"":""UTQMTDBA11"",""AGE_CNT_05"":""478"",""AGE_CNT_04"":""1202"",""AGE_CNT_06"":""148"",""YR"":""2025"",""AVG_ASCD_MM_CNT"":4,""LST_ALT_DATA_MAAG_CL_CD"":""01"",""AGE_CNT_01"":""549"",""FRS_RGT_DATA_MAAG_CL_CD"":""01"",""LST_ALT_DTM"":""20260402110334"",""AVG_GIN_AMT"":9228.0,""PYR_CPR_AVG_GIN_AMT_INCR_RTE"":-4.25,""FRS_RGT_DATA_MAAG_USER_ID"":""1"",""SIDO_CD"":""11"",""SGG_NM"":""합계"",""GIN_AMT_PCTL_RKG"":""10"",""THMA_STT_TBL_ID"":""TTQSNAI01T088712"",""INDC_ORDER"":298734,""TOTA_BMAN_CNT"":""6850"",""PYR_CPR_TOT_BMAN_CNT_INCR_RTE"":2.47,""LST_ALT_DATA_MAAG_PGM_ID"":""UTQMTDBA11"",""SEX_CNT_01"":""4784"",""AVG_ASCD_YM_CNT"":""88.897643"",""GIN_AMT_PCTL"":""223361505.00"",""SEX_CNT_02"":""2066"",""SEX_CNT_03"":""0"",""N100_LVNG_TFB_CD"":""059"",""TOTA_BMAN_CNT_TEXT"":""6850"",""AGE_CNT_10"":""0"",""AVG_ASCD_YY_CNT"":7},""message"":"""",""dc_ageDataList"":[{""VAL"":""8.0"",""CODE"":""01"",""LABEL"":""30세미만""},{""VAL"":""36.1"",""CODE"":""02"",""LABEL"":""30세이상""},{""VAL"":""29.2"",""CODE"":""03"",""LABEL"":""40세이상""},{""VAL"":""17.5"",""CODE"":""04"",""LABEL"":""50세이상""},{""VAL"":""7.0"",""CODE"":""05"",""LABEL"":""60세이상""},{""VAL"":""2.2"",""CODE"":""06"",""LABEL"":""70세이상""},{""VAL"":""0.0"",""CODE"":""10"",""LABEL"":""미상""}]}"
NTS_TASIS_LIVING_BUSINESS,060,세탁소,2025,2024,2025,11,서울특별시,00000,합계,5484.0,457.0,3.63,4891,-0.33,11,0,3133,1757,"{""dc_sexDataList"":[{""VAL"":""64.1"",""CODE"":""01"",""LABEL"":""남자""},{""VAL"":""35.9"",""CODE"":""02"",""LABEL"":""여자""},{""VAL"":""0.0"",""CODE"":""03"",""LABEL"":""미상""}],""result"":""S"",""code"":"""",""dc_lvngTfbDetail"":{""SGG_CD"":""00000"",""FRS_RGT_DTM"":""20260402110334"",""SIDO_NM"":""서울특별시"",""N100_LVNG_TFB_NM"":""세탁소"",""LST_ALT_DATA_MAAG_USER_ID"":""1"",""AGE_CNT_03"":""667"",""AGE_CNT_02"":""339"",""FRS_RGT_DATA_MAAG_PGM_ID"":""UTQMTDBA11"",""AGE_CNT_05"":""1774"",""AGE_CNT_04"":""1202"",""AGE_CNT_06"":""832"",""YR"":""2025"",""AVG_ASCD_MM_CNT"":0,""LST_ALT_DATA_MAAG_CL_CD"":""01"",""AGE_CNT_01"":""76"",""FRS_RGT_DATA_MAAG_CL_CD"":""01"",""LST_ALT_DTM"":""20260402110334"",""AVG_GIN_AMT"":5484.0,""PYR_CPR_AVG_GIN_AMT_INCR_RTE"":3.63,""FRS_RGT_DATA_MAAG_USER_ID"":""1"",""SIDO_CD"":""11"",""SGG_NM"":""합계"",""GIN_AMT_PCTL_RKG"":""5"",""THMA_STT_TBL_ID"":""TTQSNAI01T088712"",""INDC_ORDER"":303859,""TOTA_BMAN_CNT"":""4891"",""PYR_CPR_TOT_BMAN_CNT_INCR_RTE"":-0.33,""LST_ALT_DATA_MAAG_PGM_ID"":""UTQMTDBA11"",""SEX_CNT_01"":""3133"",""AVG_ASCD_YM_CNT"":""132.968414"",""GIN_AMT_PCTL"":""165943988.80"",""SEX_CNT_02"":""1757"",""SEX_CNT_03"":""1"",""N100_LVNG_TFB_CD"":""060"",""TOTA_BMAN_CNT_TEXT"":""4891"",""AGE_CNT_10"":""1"",""AVG_ASCD_YY_CNT"":11},""message"":"""",""dc_ageDataList"":[{""VAL"":""1.6"",""CODE"":""01"",""LABEL"":""30세미만""},{""VAL"":""6.9"",""CODE"":""02"",""LABEL"":""30세이상""},{""VAL"":""13.6"",""CODE"":""03"",""LABEL"":""40세이상""},{""VAL"":""24.6"",""CODE"":""04"",""LABEL"":""50세이상""},{""VAL"":""36.3"",""CODE"":""05"",""LABEL"":""60세이상""},{""VAL"":""17.0"",""CODE"":""06"",""LABEL"":""70세이상""},{""VAL"":""0.0"",""CODE"":""10"",""LABEL"":""미상""}]}"
NTS_TASIS_LIVING_BUSINESS,061,스포츠시설운영업,2025,2024,2025,11,서울특별시,00000,합계,10012.0,834.333333,2.95,2510,-5.0,5,0,1107,1403,"{""dc_sexDataList"":[{""VAL"":""44.1"",""CODE"":""01"",""LABEL"":""남자""},{""VAL"":""55.9"",""CODE"":""02"",""LABEL"":""여자""},{""VAL"":""0.0"",""CODE"":""03"",""LABEL"":""미상""}],""result"":""S"",""code"":"""",""dc_lvngTfbDetail"":{""SGG_CD"":""00000"",""FRS_RGT_DTM"":""20260402110334"",""SIDO_NM"":""서울특별시"",""N100_LVNG_TFB_NM"":""스포츠시설운영업"",""LST_ALT_DATA_MAAG_USER_ID"":""1"",""AGE_CNT_03"":""684"",""AGE_CNT_02"":""809"",""FRS_RGT_DATA_MAAG_PGM_ID"":""UTQMTDBA11"",""AGE_CNT_05"":""346"",""AGE_CNT_04"":""507"",""AGE_CNT_06"":""100"",""YR"":""2025"",""AVG_ASCD_MM_CNT"":0,""LST_ALT_DATA_MAAG_CL_CD"":""01"",""AGE_CNT_01"":""64"",""FRS_RGT_DATA_MAAG_CL_CD"":""01"",""LST_ALT_DTM"":""20260402110334"",""AVG_GIN_AMT"":10012.0,""PYR_CPR_AVG_GIN_AMT_INCR_RTE"":2.95,""FRS_RGT_DATA_MAAG_USER_ID"":""1"",""SIDO_CD"":""11"",""SGG_NM"":""합계"",""GIN_AMT_PCTL_RKG"":""10"",""THMA_STT_TBL_ID"":""TTQSNAI01T088712"",""INDC_ORDER"":309007,""TOTA_BMAN_CNT"":""2510"",""PYR_CPR_TOT_BMAN_CNT_INCR_RTE"":-5.0,""LST_ALT_DATA_MAAG_PGM_ID"":""UTQMTDBA11"",""SEX_CNT_01"":""1107"",""AVG_ASCD_YM_CNT"":""60.148459"",""GIN_AMT_PCTL"":""207568014.00"",""SEX_CNT_02"":""1403"",""SEX_CNT_03"":""0"",""N100_LVNG_TFB_CD"":""061"",""TOTA_BMAN_CNT_TEXT"":""2510"",""AGE_CNT_10"":""0"",""AVG_ASCD_YY_CNT"":5},""message"":"""",""dc_ageDataList"":[{""VAL"":""2.5"",""CODE"":""01"",""LABEL"":""30세미만""},{""VAL"":""32.2"",""CODE"":""02"",""LABEL"":""30세이상""},{""VAL"":""27.3"",""CODE"":""03"",""LABEL"":""40세이상""},{""VAL"":""20.2"",""CODE"":""04"",""LABEL"":""50세이상""},{""VAL"":""13.8"",""CODE"":""05"",""LABEL"":""60세이상""},{""VAL"":""4.0"",""CODE"":""06"",""LABEL"":""70세이상""},{""VAL"":""0.0"",""CODE"":""10"",""LABEL"":""미상""}]}"
NTS_TASIS_LIVING_BUSINESS,062,실내스크린골프점,2025,2024,2025,11,서울특별시,00000,합계,18616.0,1551.333333,-0.69,1179,0.43,5,0,792,386,"{""dc_sexDataList"":[{""VAL"":""67.2"",""CODE"":""01"",""LABEL"":""남자""},{""VAL"":""32.7"",""CODE"":""02"",""LABEL"":""여자""},{""VAL"":""0.1"",""CODE"":""03"",""LABEL"":""미상""}],""result"":""S"",""code"":"""",""dc_lvngTfbDetail"":{""SGG_CD"":""00000"",""FRS_RGT_DTM"":""20260402110334"",""SIDO_NM"":""서울특별시"",""N100_LVNG_TFB_NM"":""실내스크린골프점"",""LST_ALT_DATA_MAAG_USER_ID"":""1"",""AGE_CNT_03"":""306"",""AGE_CNT_02"":""173"",""FRS_RGT_DATA_MAAG_PGM_ID"":""UTQMTDBA11"",""AGE_CNT_05"":""227"",""AGE_CNT_04"":""381"",""AGE_CNT_06"":""58"",""YR"":""2025"",""AVG_ASCD_MM_CNT"":0,""LST_ALT_DATA_MAAG_CL_CD"":""01"",""AGE_CNT_01"":""33"",""FRS_RGT_DATA_MAAG_CL_CD"":""01"",""LST_ALT_DTM"":""20260402110334"",""AVG_GIN_AMT"":18616.0,""PYR_CPR_AVG_GIN_AMT_INCR_RTE"":-0.69,""FRS_RGT_DATA_MAAG_USER_ID"":""1"",""SIDO_CD"":""11"",""SGG_NM"":""합계"",""GIN_AMT_PCTL_RKG"":""20"",""THMA_STT_TBL_ID"":""TTQSNAI01T088712"",""INDC_ORDER"":313746,""TOTA_BMAN_CNT"":""1179"",""PYR_CPR_TOT_BMAN_CNT_INCR_RTE"":0.43,""LST_ALT_DATA_MAAG_PGM_ID"":""UTQMTDBA11"",""SEX_CNT_01"":""792"",""AVG_ASCD_YM_CNT"":""60.232081"",""GIN_AMT_PCTL"":""282337318.40"",""SEX_CNT_02"":""386"",""SEX_CNT_03"":""1"",""N100_LVNG_TFB_CD"":""062"",""TOTA_BMAN_CNT_TEXT"":""1179"",""AGE_CNT_10"":""1"",""AVG_ASCD_YY_CNT"":5},""message"":"""",""dc_ageDataList"":[{""VAL"":""2.8"",""CODE"":""01"",""LABEL"":""30세미만""},{""VAL"":""14.7"",""CODE"":""02"",""LABEL"":""30세이상""},{""VAL"":""26.0"",""CODE"":""03"",""LABEL"":""40세이상""},{""VAL"":""32.3"",""CODE"":""04"",""LABEL"":""50세이상""},{""VAL"":""19.3"",""CODE"":""05"",""LABEL"":""60세이상""},{""VAL"":""4.9"",""CODE"":""06"",""LABEL"":""70세이상""},{""VAL"":""0.1"",""CODE"":""10"",""LABEL"":""미상""}]}"
NTS_TASIS_LIVING_BUSINESS,063,실외골프연습장,2025,2024,2025,11,서울특별시,00000,합계,15909.0,1325.75,-6.08,257,-10.76,14,11,179,78,"{""dc_sexDataList"":[{""VAL"":""69.6"",""CODE"":""01"",""LABEL"":""남자""},{""VAL"":""30.4"",""CODE"":""02"",""LABEL"":""여자""},{""VAL"":""0.0"",""CODE"":""03"",""LABEL"":""미상""}],""result"":""S"",""code"":"""",""dc_lvngTfbDetail"":{""SGG_CD"":""00000"",""FRS_RGT_DTM"":""20260402110334"",""SIDO_NM"":""서울특별시"",""N100_LVNG_TFB_NM"":""실외골프연습장"",""LST_ALT_DATA_MAAG_USER_ID"":""1"",""AGE_CNT_03"":""46"",""AGE_CNT_02"":""18"",""FRS_RGT_DATA_MAAG_PGM_ID"":""UTQMTDBA11"",""AGE_CNT_05"":""74"",""AGE_CNT_04"":""81"",""AGE_CNT_06"":""37"",""YR"":""2025"",""AVG_ASCD_MM_CNT"":11,""LST_ALT_DATA_MAAG_CL_CD"":""01"",""AGE_CNT_01"":""1"",""FRS_RGT_DATA_MAAG_CL_CD"":""01"",""LST_ALT_DTM"":""20260402110334"",""AVG_GIN_AMT"":15909.0,""PYR_CPR_AVG_GIN_AMT_INCR_RTE"":-6.08,""FRS_RGT_DATA_MAAG_USER_ID"":""1"",""SIDO_CD"":""11"",""SGG_NM"":""합계"",""GIN_AMT_PCTL_RKG"":""15"",""THMA_STT_TBL_ID"":""TTQSNAI01T088712"",""INDC_ORDER"":318932,""TOTA_BMAN_CNT"":""257"",""PYR_CPR_TOT_BMAN_CNT_INCR_RTE"":-10.76,""LST_ALT_DATA_MAAG_PGM_ID"":""UTQMTDBA11"",""SEX_CNT_01"":""179"",""AVG_ASCD_YM_CNT"":""179.875486"",""GIN_AMT_PCTL"":""281539998.30"",""SEX_CNT_02"":""78"",""SEX_CNT_03"":""0"",""N100_LVNG_TFB_CD"":""063"",""TOTA_BMAN_CNT_TEXT"":""257"",""AGE_CNT_10"":""0"",""AVG_ASCD_YY_CNT"":14},""message"":"""",""dc_ageDataList"":[{""VAL"":""0.4"",""CODE"":""01"",""LABEL"":""30세미만""},{""VAL"":""7.0"",""CODE"":""02"",""LABEL"":""30세이상""},{""VAL"":""17.9"",""CODE"":""03"",""LABEL"":""40세이상""},{""VAL"":""31.5"",""CODE"":""04"",""LABEL"":""50세이상""},{""VAL"":""28.8"",""CODE"":""05"",""LABEL"":""60세이상""},{""VAL"":""14.4"",""CODE"":""06"",""LABEL"":""70세이상""},{""VAL"":""0.0"",""CODE"":""10"",""LABEL"":""미상""}]}"
NTS_TASIS_LIVING_BUSINESS,064,여행사,2025,2024,2025,11,서울특별시,00000,합계,8458.0,704.833333,16.81,5804,1.58,10,6,3758,2040,"{""dc_sexDataList"":[{""VAL"":""64.7"",""CODE"":""01"",""LABEL"":""남자""},{""VAL"":""35.1"",""CODE"":""02"",""LABEL"":""여자""},{""VAL"":""0.1"",""CODE"":""03"",""LABEL"":""미상""}],""result"":""S"",""code"":"""",""dc_lvngTfbDetail"":{""SGG_CD"":""00000"",""FRS_RGT_DTM"":""20260402110334"",""SIDO_NM"":""서울특별시"",""N100_LVNG_TFB_NM"":""여행사"",""LST_ALT_DATA_MAAG_USER_ID"":""1"",""AGE_CNT_03"":""1490"",""AGE_CNT_02"":""540"",""FRS_RGT_DATA_MAAG_PGM_ID"":""UTQMTDBA11"",""AGE_CNT_05"":""1096"",""AGE_CNT_04"":""2360"",""AGE_CNT_06"":""245"",""YR"":""2025"",""AVG_ASCD_MM_CNT"":6,""LST_ALT_DATA_MAAG_CL_CD"":""01"",""AGE_CNT_01"":""67"",""FRS_RGT_DATA_MAAG_CL_CD"":""01"",""LST_ALT_DTM"":""20260402110334"",""AVG_GIN_AMT"":8458.0,""PYR_CPR_AVG_GIN_AMT_INCR_RTE"":16.81,""FRS_RGT_DATA_MAAG_USER_ID"":""1"",""SIDO_CD"":""11"",""SGG_NM"":""합계"",""GIN_AMT_PCTL_RKG"":""10"",""THMA_STT_TBL_ID"":""TTQSNAI01T088712"",""INDC_ORDER"":323685,""TOTA_BMAN_CNT"":""5804"",""PYR_CPR_TOT_BMAN_CNT_INCR_RTE"":1.58,""LST_ALT_DATA_MAAG_PGM_ID"":""UTQMTDBA11"",""SEX_CNT_01"":""3758"",""AVG_ASCD_YM_CNT"":""126.636885"",""GIN_AMT_PCTL"":""178285949.50"",""SEX_CNT_02"":""2040"",""SEX_CNT_03"":""6"",""N100_LVNG_TFB_CD"":""064"",""TOTA_BMAN_CNT_TEXT"":""5804"",""AGE_CNT_10"":""6"",""AVG_ASCD_YY_CNT"":10},""message"":"""",""dc_ageDataList"":[{""VAL"":""1.2"",""CODE"":""01"",""LABEL"":""30세미만""},{""VAL"":""9.3"",""CODE"":""02"",""LABEL"":""30세이상""},{""VAL"":""25.7"",""CODE"":""03"",""LABEL"":""40세이상""},{""VAL"":""40.7"",""CODE"":""04"",""LABEL"":""50세이상""},{""VAL"":""18.9"",""CODE"":""05"",""LABEL"":""60세이상""},{""VAL"":""4.2"",""CODE"":""06"",""LABEL"":""70세이상""},{""VAL"":""0.1"",""CODE"":""10"",""LABEL"":""미상""}]}"
NTS_TASIS_LIVING_BUSINESS,065,예식장,2025,2024,2025,11,서울특별시,00000,합계,230798.0,19233.166667,34.43,156,10.64,9,8,112,44,"{""dc_sexDataList"":[{""VAL"":""71.8"",""CODE"":""01"",""LABEL"":""남자""},{""VAL"":""28.2"",""CODE"":""02"",""LABEL"":""여자""},{""VAL"":""0.0"",""CODE"":""03"",""LABEL"":""미상""}],""result"":""S"",""code"":"""",""dc_lvngTfbDetail"":{""SGG_CD"":""00000"",""FRS_RGT_DTM"":""20260402110334"",""SIDO_NM"":""서울특별시"",""N100_LVNG_TFB_NM"":""예식장"",""LST_ALT_DATA_MAAG_USER_ID"":""1"",""AGE_CNT_03"":""37"",""AGE_CNT_02"":""9"",""FRS_RGT_DATA_MAAG_PGM_ID"":""UTQMTDBA11"",""AGE_CNT_05"":""40"",""AGE_CNT_04"":""40"",""AGE_CNT_06"":""30"",""YR"":""2025"",""AVG_ASCD_MM_CNT"":8,""LST_ALT_DATA_MAAG_CL_CD"":""01"",""AGE_CNT_01"":""0"",""FRS_RGT_DATA_MAAG_CL_CD"":""01"",""LST_ALT_DTM"":""20260402110334"",""AVG_GIN_AMT"":230798.0,""PYR_CPR_AVG_GIN_AMT_INCR_RTE"":34.43,""FRS_RGT_DATA_MAAG_USER_ID"":""1"",""SIDO_CD"":""11"",""SGG_NM"":""합계"",""GIN_AMT_PCTL_RKG"":""50"",""THMA_STT_TBL_ID"":""TTQSNAI01T088712"",""INDC_ORDER"":328600,""TOTA_BMAN_CNT"":""156"",""PYR_CPR_TOT_BMAN_CNT_INCR_RTE"":10.64,""LST_ALT_DATA_MAAG_PGM_ID"":""UTQMTDBA11"",""SEX_CNT_01"":""112"",""AVG_ASCD_YM_CNT"":""116.961290"",""GIN_AMT_PCTL"":""260993653.00"",""SEX_CNT_02"":""44"",""SEX_CNT_03"":""0"",""N100_LVNG_TFB_CD"":""065"",""TOTA_BMAN_CNT_TEXT"":""156"",""AGE_CNT_10"":""0"",""AVG_ASCD_YY_CNT"":9},""message"":"""",""dc_ageDataList"":[{""VAL"":""0.0"",""CODE"":""01"",""LABEL"":""30세미만""},{""VAL"":""5.8"",""CODE"":""02"",""LABEL"":""30세이상""},{""VAL"":""23.7"",""CODE"":""03"",""LABEL"":""40세이상""},{""VAL"":""25.6"",""CODE"":""04"",""LABEL"":""50세이상""},{""VAL"":""25.6"",""CODE"":""05"",""LABEL"":""60세이상""},{""VAL"":""19.2"",""CODE"":""06"",""LABEL"":""70세이상""},{""VAL"":""0.0"",""CODE"":""10"",""LABEL"":""미상""}]}"
NTS_TASIS_LIVING_BUSINESS,066,이발소,2025,2024,2025,11,서울특별시,00000,합계,3069.0,255.75,7.5,2106,-0.61,16,4,1623,483,"{""dc_sexDataList"":[{""VAL"":""77.1"",""CODE"":""01"",""LABEL"":""남자""},{""VAL"":""22.9"",""CODE"":""02"",""LABEL"":""여자""},{""VAL"":""0.0"",""CODE"":""03"",""LABEL"":""미상""}],""result"":""S"",""code"":"""",""dc_lvngTfbDetail"":{""SGG_CD"":""00000"",""FRS_RGT_DTM"":""20260402110334"",""SIDO_NM"":""서울특별시"",""N100_LVNG_TFB_NM"":""이발소"",""LST_ALT_DATA_MAAG_USER_ID"":""1"",""AGE_CNT_03"":""139"",""AGE_CNT_02"":""263"",""FRS_RGT_DATA_MAAG_PGM_ID"":""UTQMTDBA11"",""AGE_CNT_05"":""556"",""AGE_CNT_04"":""244"",""AGE_CNT_06"":""843"",""YR"":""2025"",""AVG_ASCD_MM_CNT"":4,""LST_ALT_DATA_MAAG_CL_CD"":""01"",""AGE_CNT_01"":""61"",""FRS_RGT_DATA_MAAG_CL_CD"":""01"",""LST_ALT_DTM"":""20260402110334"",""AVG_GIN_AMT"":3069.0,""PYR_CPR_AVG_GIN_AMT_INCR_RTE"":7.5,""FRS_RGT_DATA_MAAG_USER_ID"":""1"",""SIDO_CD"":""11"",""SGG_NM"":""합계"",""GIN_AMT_PCTL_RKG"":""5"",""THMA_STT_TBL_ID"":""TTQSNAI01T088712"",""INDC_ORDER"":331402,""TOTA_BMAN_CNT"":""2106"",""PYR_CPR_TOT_BMAN_CNT_INCR_RTE"":-0.61,""LST_ALT_DATA_MAAG_PGM_ID"":""UTQMTDBA11"",""SEX_CNT_01"":""1623"",""AVG_ASCD_YM_CNT"":""196.625000"",""GIN_AMT_PCTL"":""98858009.00"",""SEX_CNT_02"":""483"",""SEX_CNT_03"":""0"",""N100_LVNG_TFB_CD"":""066"",""TOTA_BMAN_CNT_TEXT"":""2106"",""AGE_CNT_10"":""0"",""AVG_ASCD_YY_CNT"":16},""message"":"""",""dc_ageDataList"":[{""VAL"":""2.9"",""CODE"":""01"",""LABEL"":""30세미만""},{""VAL"":""12.5"",""CODE"":""02"",""LABEL"":""30세이상""},{""VAL"":""6.6"",""CODE"":""03"",""LABEL"":""40세이상""},{""VAL"":""11.6"",""CODE"":""04"",""LABEL"":""50세이상""},{""VAL"":""26.4"",""CODE"":""05"",""LABEL"":""60세이상""},{""VAL"":""40.0"",""CODE"":""06"",""LABEL"":""70세이상""},{""VAL"":""0.0"",""CODE"":""10"",""LABEL"":""미상""}]}"
NTS_TASIS_LIVING_BUSINESS,067,자동차수리점,2025,2024,2025,11,서울특별시,00000,합계,20699.0,1724.916667,4.44,5106,0.65,13,3,4546,560,"{""dc_sexDataList"":[{""VAL"":""89.0"",""CODE"":""01"",""LABEL"":""남자""},{""VAL"":""11.0"",""CODE"":""02"",""LABEL"":""여자""},{""VAL"":""0.0"",""CODE"":""03"",""LABEL"":""미상""}],""result"":""S"",""code"":"""",""dc_lvngTfbDetail"":{""SGG_CD"":""00000"",""FRS_RGT_DTM"":""20260402110334"",""SIDO_NM"":""서울특별시"",""N100_LVNG_TFB_NM"":""자동차수리점"",""LST_ALT_DATA_MAAG_USER_ID"":""1"",""AGE_CNT_03"":""1012"",""AGE_CNT_02"":""560"",""FRS_RGT_DATA_MAAG_PGM_ID"":""UTQMTDBA11"",""AGE_CNT_05"":""1352"",""AGE_CNT_04"":""1711"",""AGE_CNT_06"":""342"",""YR"":""2025"",""AVG_ASCD_MM_CNT"":3,""LST_ALT_DATA_MAAG_CL_CD"":""01"",""AGE_CNT_01"":""129"",""FRS_RGT_DATA_MAAG_CL_CD"":""01"",""LST_ALT_DTM"":""20260402110334"",""AVG_GIN_AMT"":20699.0,""PYR_CPR_AVG_GIN_AMT_INCR_RTE"":4.44,""FRS_RGT_DATA_MAAG_USER_ID"":""1"",""SIDO_CD"":""11"",""SGG_NM"":""합계"",""GIN_AMT_PCTL_RKG"":""20"",""THMA_STT_TBL_ID"":""TTQSNAI01T088712"",""INDC_ORDER"":336512,""TOTA_BMAN_CNT"":""5106"",""PYR_CPR_TOT_BMAN_CNT_INCR_RTE"":0.65,""LST_ALT_DATA_MAAG_PGM_ID"":""UTQMTDBA11"",""SEX_CNT_01"":""4546"",""AVG_ASCD_YM_CNT"":""159.303280"",""GIN_AMT_PCTL"":""270261872.80"",""SEX_CNT_02"":""560"",""SEX_CNT_03"":""0"",""N100_LVNG_TFB_CD"":""067"",""TOTA_BMAN_CNT_TEXT"":""5106"",""AGE_CNT_10"":""0"",""AVG_ASCD_YY_CNT"":13},""message"":"""",""dc_ageDataList"":[{""VAL"":""2.5"",""CODE"":""01"",""LABEL"":""30세미만""},{""VAL"":""11.0"",""CODE"":""02"",""LABEL"":""30세이상""},{""VAL"":""19.8"",""CODE"":""03"",""LABEL"":""40세이상""},{""VAL"":""33.5"",""CODE"":""04"",""LABEL"":""50세이상""},{""VAL"":""26.5"",""CODE"":""05"",""LABEL"":""60세이상""},{""VAL"":""6.7"",""CODE"":""06"",""LABEL"":""70세이상""},{""VAL"":""0.0"",""CODE"":""10"",""LABEL"":""미상""}]}"
NTS_TASIS_LIVING_BUSINESS,068,LPG 충전소,2025,2024,2025,11,서울특별시,00000,합계,333753.0,27812.75,1.75,57,-21.92,22,7,49,8,"{""dc_sexDataList"":[{""VAL"":""86.0"",""CODE"":""01"",""LABEL"":""남자""},{""VAL"":""14.0"",""CODE"":""02"",""LABEL"":""여자""},{""VAL"":""0.0"",""CODE"":""03"",""LABEL"":""미상""}],""result"":""S"",""code"":"""",""dc_lvngTfbDetail"":{""SGG_CD"":""00000"",""FRS_RGT_DTM"":""20260402110334"",""SIDO_NM"":""서울특별시"",""N100_LVNG_TFB_NM"":""LPG 충전소"",""LST_ALT_DATA_MAAG_USER_ID"":""1"",""AGE_CNT_03"":""6"",""AGE_CNT_02"":""0"",""FRS_RGT_DATA_MAAG_PGM_ID"":""UTQMTDBA11"",""AGE_CNT_05"":""25"",""AGE_CNT_04"":""12"",""AGE_CNT_06"":""14"",""YR"":""2025"",""AVG_ASCD_MM_CNT"":7,""LST_ALT_DATA_MAAG_CL_CD"":""01"",""AGE_CNT_01"":""0"",""FRS_RGT_DATA_MAAG_CL_CD"":""01"",""LST_ALT_DTM"":""20260402110334"",""AVG_GIN_AMT"":333753.0,""PYR_CPR_AVG_GIN_AMT_INCR_RTE"":1.75,""FRS_RGT_DATA_MAAG_USER_ID"":""1"",""SIDO_CD"":""11"",""SGG_NM"":""합계"",""GIN_AMT_PCTL_RKG"":""90"",""THMA_STT_TBL_ID"":""TTQSNAI01T088712"",""INDC_ORDER"":341713,""TOTA_BMAN_CNT"":""57"",""PYR_CPR_TOT_BMAN_CNT_INCR_RTE"":-21.92,""LST_ALT_DATA_MAAG_PGM_ID"":""UTQMTDBA11"",""SEX_CNT_01"":""49"",""AVG_ASCD_YM_CNT"":""271.210526"",""GIN_AMT_PCTL"":""173193264.00"",""SEX_CNT_02"":""8"",""SEX_CNT_03"":""0"",""N100_LVNG_TFB_CD"":""068"",""TOTA_BMAN_CNT_TEXT"":""57"",""AGE_CNT_10"":""0"",""AVG_ASCD_YY_CNT"":22},""message"":"""",""dc_ageDataList"":[{""VAL"":""0.0"",""CODE"":""01"",""LABEL"":""30세미만""},{""VAL"":""0.0"",""CODE"":""02"",""LABEL"":""30세이상""},{""VAL"":""10.5"",""CODE"":""03"",""LABEL"":""40세이상""},{""VAL"":""21.1"",""CODE"":""04"",""LABEL"":""50세이상""},{""VAL"":""43.9"",""CODE"":""05"",""LABEL"":""60세이상""},{""VAL"":""24.6"",""CODE"":""06"",""LABEL"":""70세이상""},{""VAL"":""0.0"",""CODE"":""10"",""LABEL"":""미상""}]}"
NTS_TASIS_LIVING_BUSINESS,069,피부관리업,2025,2024,2025,11,서울특별시,00000,합계,5682.0,473.5,5.54,12621,5.71,5,1,1143,11478,"{""dc_sexDataList"":[{""VAL"":""9.1"",""CODE"":""01"",""LABEL"":""남자""},{""VAL"":""90.9"",""CODE"":""02"",""LABEL"":""여자""},{""VAL"":""0.0"",""CODE"":""03"",""LABEL"":""미상""}],""result"":""S"",""code"":"""",""dc_lvngTfbDetail"":{""SGG_CD"":""00000"",""FRS_RGT_DTM"":""20260402110334"",""SIDO_NM"":""서울특별시"",""N100_LVNG_TFB_NM"":""피부관리업"",""LST_ALT_DATA_MAAG_USER_ID"":""1"",""AGE_CNT_03"":""3555"",""AGE_CNT_02"":""4727"",""FRS_RGT_DATA_MAAG_PGM_ID"":""UTQMTDBA11"",""AGE_CNT_05"":""847"",""AGE_CNT_04"":""2078"",""AGE_CNT_06"":""136"",""YR"":""2025"",""AVG_ASCD_MM_CNT"":1,""LST_ALT_DATA_MAAG_CL_CD"":""01"",""AGE_CNT_01"":""1278"",""FRS_RGT_DATA_MAAG_CL_CD"":""01"",""LST_ALT_DTM"":""20260402110334"",""AVG_GIN_AMT"":5682.0,""PYR_CPR_AVG_GIN_AMT_INCR_RTE"":5.54,""FRS_RGT_DATA_MAAG_USER_ID"":""1"",""SIDO_CD"":""11"",""SGG_NM"":""합계"",""GIN_AMT_PCTL_RKG"":""5"",""THMA_STT_TBL_ID"":""TTQSNAI01T088712"",""INDC_ORDER"":346186,""TOTA_BMAN_CNT"":""12621"",""PYR_CPR_TOT_BMAN_CNT_INCR_RTE"":5.71,""LST_ALT_DATA_MAAG_PGM_ID"":""UTQMTDBA11"",""SEX_CNT_01"":""1143"",""AVG_ASCD_YM_CNT"":""61.064260"",""GIN_AMT_PCTL"":""206456756.00"",""SEX_CNT_02"":""11478"",""SEX_CNT_03"":""0"",""N100_LVNG_TFB_CD"":""069"",""TOTA_BMAN_CNT_TEXT"":""12621"",""AGE_CNT_10"":""0"",""AVG_ASCD_YY_CNT"":5},""message"":"""",""dc_ageDataList"":[{""VAL"":""10.1"",""CODE"":""01"",""LABEL"":""30세미만""},{""VAL"":""37.5"",""CODE"":""02"",""LABEL"":""30세이상""},{""VAL"":""28.2"",""CODE"":""03"",""LABEL"":""40세이상""},{""VAL"":""16.5"",""CODE"":""04"",""LABEL"":""50세이상""},{""VAL"":""6.7"",""CODE"":""05"",""LABEL"":""60세이상""},{""VAL"":""1.1"",""CODE"":""06"",""LABEL"":""70세이상""},{""VAL"":""0.0"",""CODE"":""10"",""LABEL"":""미상""}]}"
NTS_TASIS_LIVING_BUSINESS,070,헬스클럽,2025,2024,2025,11,서울특별시,00000,합계,16971.0,1414.25,5.04,3482,5.52,4,10,2768,714,"{""dc_sexDataList"":[{""VAL"":""79.5"",""CODE"":""01"",""LABEL"":""남자""},{""VAL"":""20.5"",""CODE"":""02"",""LABEL"":""여자""},{""VAL"":""0.0"",""CODE"":""03"",""LABEL"":""미상""}],""result"":""S"",""code"":"""",""dc_lvngTfbDetail"":{""SGG_CD"":""00000"",""FRS_RGT_DTM"":""20260402110334"",""SIDO_NM"":""서울특별시"",""N100_LVNG_TFB_NM"":""헬스클럽"",""LST_ALT_DATA_MAAG_USER_ID"":""1"",""AGE_CNT_03"":""1053"",""AGE_CNT_02"":""1758"",""FRS_RGT_DATA_MAAG_PGM_ID"":""UTQMTDBA11"",""AGE_CNT_05"":""103"",""AGE_CNT_04"":""377"",""AGE_CNT_06"":""20"",""YR"":""2025"",""AVG_ASCD_MM_CNT"":10,""LST_ALT_DATA_MAAG_CL_CD"":""01"",""AGE_CNT_01"":""171"",""FRS_RGT_DATA_MAAG_CL_CD"":""01"",""LST_ALT_DTM"":""20260402110334"",""AVG_GIN_AMT"":16971.0,""PYR_CPR_AVG_GIN_AMT_INCR_RTE"":5.04,""FRS_RGT_DATA_MAAG_USER_ID"":""1"",""SIDO_CD"":""11"",""SGG_NM"":""합계"",""GIN_AMT_PCTL_RKG"":""15"",""THMA_STT_TBL_ID"":""TTQSNAI01T088712"",""INDC_ORDER"":351355,""TOTA_BMAN_CNT"":""3482"",""PYR_CPR_TOT_BMAN_CNT_INCR_RTE"":5.52,""LST_ALT_DATA_MAAG_PGM_ID"":""UTQMTDBA11"",""SEX_CNT_01"":""2768"",""AVG_ASCD_YM_CNT"":""58.089108"",""GIN_AMT_PCTL"":""291569188.75"",""SEX_CNT_02"":""714"",""SEX_CNT_03"":""0"",""N100_LVNG_TFB_CD"":""070"",""TOTA_BMAN_CNT_TEXT"":""3482"",""AGE_CNT_10"":""0"",""AVG_ASCD_YY_CNT"":4},""message"":"""",""dc_ageDataList"":[{""VAL"":""4.9"",""CODE"":""01"",""LABEL"":""30세미만""},{""VAL"":""50.5"",""CODE"":""02"",""LABEL"":""30세이상""},{""VAL"":""30.2"",""CODE"":""03"",""LABEL"":""40세이상""},{""VAL"":""10.8"",""CODE"":""04"",""LABEL"":""50세이상""},{""VAL"":""3.0"",""CODE"":""05"",""LABEL"":""60세이상""},{""VAL"":""0.6"",""CODE"":""06"",""LABEL"":""70세이상""},{""VAL"":""0.0"",""CODE"":""10"",""LABEL"":""미상""}]}"
NTS_TASIS_LIVING_BUSINESS,071,교습학원,2025,2024,2025,11,서울특별시,00000,합계,19462.0,1621.833333,4.44,11552,1.56,7,2,5049,6499,"{""dc_sexDataList"":[{""VAL"":""43.7"",""CODE"":""01"",""LABEL"":""남자""},{""VAL"":""56.3"",""CODE"":""02"",""LABEL"":""여자""},{""VAL"":""0.0"",""CODE"":""03"",""LABEL"":""미상""}],""result"":""S"",""code"":"""",""dc_lvngTfbDetail"":{""SGG_CD"":""00000"",""FRS_RGT_DTM"":""20260402110334"",""SIDO_NM"":""서울특별시"",""N100_LVNG_TFB_NM"":""교습학원"",""LST_ALT_DATA_MAAG_USER_ID"":""1"",""AGE_CNT_03"":""4107"",""AGE_CNT_02"":""1469"",""FRS_RGT_DATA_MAAG_PGM_ID"":""UTQMTDBA11"",""AGE_CNT_05"":""1465"",""AGE_CNT_04"":""4045"",""AGE_CNT_06"":""229"",""YR"":""2025"",""AVG_ASCD_MM_CNT"":2,""LST_ALT_DATA_MAAG_CL_CD"":""01"",""AGE_CNT_01"":""233"",""FRS_RGT_DATA_MAAG_CL_CD"":""01"",""LST_ALT_DTM"":""20260402110334"",""AVG_GIN_AMT"":19462.0,""PYR_CPR_AVG_GIN_AMT_INCR_RTE"":4.44,""FRS_RGT_DATA_MAAG_USER_ID"":""1"",""SIDO_CD"":""11"",""SGG_NM"":""합계"",""GIN_AMT_PCTL_RKG"":""20"",""THMA_STT_TBL_ID"":""TTQSNAI01T088712"",""INDC_ORDER"":356316,""TOTA_BMAN_CNT"":""11552"",""PYR_CPR_TOT_BMAN_CNT_INCR_RTE"":1.56,""LST_ALT_DATA_MAAG_PGM_ID"":""UTQMTDBA11"",""SEX_CNT_01"":""5049"",""AVG_ASCD_YM_CNT"":""86.740740"",""GIN_AMT_PCTL"":""276962790.00"",""SEX_CNT_02"":""6499"",""SEX_CNT_03"":""4"",""N100_LVNG_TFB_CD"":""071"",""TOTA_BMAN_CNT_TEXT"":""11552"",""AGE_CNT_10"":""4"",""AVG_ASCD_YY_CNT"":7},""message"":"""",""dc_ageDataList"":[{""VAL"":""2.0"",""CODE"":""01"",""LABEL"":""30세미만""},{""VAL"":""12.7"",""CODE"":""02"",""LABEL"":""30세이상""},{""VAL"":""35.6"",""CODE"":""03"",""LABEL"":""40세이상""},{""VAL"":""35.0"",""CODE"":""04"",""LABEL"":""50세이상""},{""VAL"":""12.7"",""CODE"":""05"",""LABEL"":""60세이상""},{""VAL"":""2.0"",""CODE"":""06"",""LABEL"":""70세이상""},{""VAL"":""0.0"",""CODE"":""10"",""LABEL"":""미상""}]}"
NTS_TASIS_LIVING_BUSINESS,072,교습소ㆍ공부방,2025,2024,2025,11,서울특별시,00000,합계,6342.0,528.5,5.07,10599,3.13,5,9,2273,8324,"{""dc_sexDataList"":[{""VAL"":""21.4"",""CODE"":""01"",""LABEL"":""남자""},{""VAL"":""78.5"",""CODE"":""02"",""LABEL"":""여자""},{""VAL"":""0.0"",""CODE"":""03"",""LABEL"":""미상""}],""result"":""S"",""code"":"""",""dc_lvngTfbDetail"":{""SGG_CD"":""00000"",""FRS_RGT_DTM"":""20260402110334"",""SIDO_NM"":""서울특별시"",""N100_LVNG_TFB_NM"":""교습소ㆍ공부방"",""LST_ALT_DATA_MAAG_USER_ID"":""1"",""AGE_CNT_03"":""3973"",""AGE_CNT_02"":""2040"",""FRS_RGT_DATA_MAAG_PGM_ID"":""UTQMTDBA11"",""AGE_CNT_05"":""830"",""AGE_CNT_04"":""3331"",""AGE_CNT_06"":""102"",""YR"":""2025"",""AVG_ASCD_MM_CNT"":9,""LST_ALT_DATA_MAAG_CL_CD"":""01"",""AGE_CNT_01"":""321"",""FRS_RGT_DATA_MAAG_CL_CD"":""01"",""LST_ALT_DTM"":""20260402110334"",""AVG_GIN_AMT"":6342.0,""PYR_CPR_AVG_GIN_AMT_INCR_RTE"":5.07,""FRS_RGT_DATA_MAAG_USER_ID"":""1"",""SIDO_CD"":""11"",""SGG_NM"":""합계"",""GIN_AMT_PCTL_RKG"":""5"",""THMA_STT_TBL_ID"":""TTQSNAI01T088712"",""INDC_ORDER"":361500,""TOTA_BMAN_CNT"":""10599"",""PYR_CPR_TOT_BMAN_CNT_INCR_RTE"":3.13,""LST_ALT_DATA_MAAG_PGM_ID"":""UTQMTDBA11"",""SEX_CNT_01"":""2273"",""AVG_ASCD_YM_CNT"":""69.995901"",""GIN_AMT_PCTL"":""198352642.00"",""SEX_CNT_02"":""8324"",""SEX_CNT_03"":""2"",""N100_LVNG_TFB_CD"":""072"",""TOTA_BMAN_CNT_TEXT"":""10599"",""AGE_CNT_10"":""2"",""AVG_ASCD_YY_CNT"":5},""message"":"""",""dc_ageDataList"":[{""VAL"":""3.0"",""CODE"":""01"",""LABEL"":""30세미만""},{""VAL"":""19.2"",""CODE"":""02"",""LABEL"":""30세이상""},{""VAL"":""37.5"",""CODE"":""03"",""LABEL"":""40세이상""},{""VAL"":""31.4"",""CODE"":""04"",""LABEL"":""50세이상""},{""VAL"":""7.8"",""CODE"":""05"",""LABEL"":""60세이상""},{""VAL"":""1.0"",""CODE"":""06"",""LABEL"":""70세이상""},{""VAL"":""0.0"",""CODE"":""10"",""LABEL"":""미상""}]}"
NTS_TASIS_LIVING_BUSINESS,073,기술ㆍ직업훈련학원,2025,2024,2025,11,서울특별시,00000,합계,9946.0,828.833333,-0.21,5057,2.02,6,2,2069,2984,"{""dc_sexDataList"":[{""VAL"":""40.9"",""CODE"":""01"",""LABEL"":""남자""},{""VAL"":""59.0"",""CODE"":""02"",""LABEL"":""여자""},{""VAL"":""0.1"",""CODE"":""03"",""LABEL"":""미상""}],""result"":""S"",""code"":"""",""dc_lvngTfbDetail"":{""SGG_CD"":""00000"",""FRS_RGT_DTM"":""20260402110334"",""SIDO_NM"":""서울특별시"",""N100_LVNG_TFB_NM"":""기술ㆍ직업훈련학원"",""LST_ALT_DATA_MAAG_USER_ID"":""1"",""AGE_CNT_03"":""1395"",""AGE_CNT_02"":""1084"",""FRS_RGT_DATA_MAAG_PGM_ID"":""UTQMTDBA11"",""AGE_CNT_05"":""794"",""AGE_CNT_04"":""1331"",""AGE_CNT_06"":""254"",""YR"":""2025"",""AVG_ASCD_MM_CNT"":2,""LST_ALT_DATA_MAAG_CL_CD"":""01"",""AGE_CNT_01"":""195"",""FRS_RGT_DATA_MAAG_CL_CD"":""01"",""LST_ALT_DTM"":""20260402110334"",""AVG_GIN_AMT"":9946.0,""PYR_CPR_AVG_GIN_AMT_INCR_RTE"":-0.21,""FRS_RGT_DATA_MAAG_USER_ID"":""1"",""SIDO_CD"":""11"",""SGG_NM"":""합계"",""GIN_AMT_PCTL_RKG"":""10"",""THMA_STT_TBL_ID"":""TTQSNAI01T088712"",""INDC_ORDER"":366688,""TOTA_BMAN_CNT"":""5057"",""PYR_CPR_TOT_BMAN_CNT_INCR_RTE"":2.02,""LST_ALT_DATA_MAAG_PGM_ID"":""UTQMTDBA11"",""SEX_CNT_01"":""2069"",""AVG_ASCD_YM_CNT"":""74.469934"",""GIN_AMT_PCTL"":""274746636.40"",""SEX_CNT_02"":""2984"",""SEX_CNT_03"":""4"",""N100_LVNG_TFB_CD"":""073"",""TOTA_BMAN_CNT_TEXT"":""5057"",""AGE_CNT_10"":""4"",""AVG_ASCD_YY_CNT"":6},""message"":"""",""dc_ageDataList"":[{""VAL"":""3.9"",""CODE"":""01"",""LABEL"":""30세미만""},{""VAL"":""21.4"",""CODE"":""02"",""LABEL"":""30세이상""},{""VAL"":""27.6"",""CODE"":""03"",""LABEL"":""40세이상""},{""VAL"":""26.3"",""CODE"":""04"",""LABEL"":""50세이상""},{""VAL"":""15.7"",""CODE"":""05"",""LABEL"":""60세이상""},{""VAL"":""5.0"",""CODE"":""06"",""LABEL"":""70세이상""},{""VAL"":""0.1"",""CODE"":""10"",""LABEL"":""미상""}]}"
NTS_TASIS_LIVING_BUSINESS,074,스포츠교육기관,2025,2024,2025,11,서울특별시,00000,합계,11208.0,934.0,2.5,7466,4.64,6,2,4250,3216,"{""dc_sexDataList"":[{""VAL"":""56.9"",""CODE"":""01"",""LABEL"":""남자""},{""VAL"":""43.1"",""CODE"":""02"",""LABEL"":""여자""},{""VAL"":""0.0"",""CODE"":""03"",""LABEL"":""미상""}],""result"":""S"",""code"":"""",""dc_lvngTfbDetail"":{""SGG_CD"":""00000"",""FRS_RGT_DTM"":""20260402110334"",""SIDO_NM"":""서울특별시"",""N100_LVNG_TFB_NM"":""스포츠교육기관"",""LST_ALT_DATA_MAAG_USER_ID"":""1"",""AGE_CNT_03"":""2431"",""AGE_CNT_02"":""2819"",""FRS_RGT_DATA_MAAG_PGM_ID"":""UTQMTDBA11"",""AGE_CNT_05"":""418"",""AGE_CNT_04"":""1231"",""AGE_CNT_06"":""138"",""YR"":""2025"",""AVG_ASCD_MM_CNT"":2,""LST_ALT_DATA_MAAG_CL_CD"":""01"",""AGE_CNT_01"":""429"",""FRS_RGT_DATA_MAAG_CL_CD"":""01"",""LST_ALT_DTM"":""20260402110334"",""AVG_GIN_AMT"":11208.0,""PYR_CPR_AVG_GIN_AMT_INCR_RTE"":2.5,""FRS_RGT_DATA_MAAG_USER_ID"":""1"",""SIDO_CD"":""11"",""SGG_NM"":""합계"",""GIN_AMT_PCTL_RKG"":""10"",""THMA_STT_TBL_ID"":""TTQSNAI01T088712"",""INDC_ORDER"":371833,""TOTA_BMAN_CNT"":""7466"",""PYR_CPR_TOT_BMAN_CNT_INCR_RTE"":4.64,""LST_ALT_DATA_MAAG_PGM_ID"":""UTQMTDBA11"",""SEX_CNT_01"":""4250"",""AVG_ASCD_YM_CNT"":""74.717485"",""GIN_AMT_PCTL"":""244472579.50"",""SEX_CNT_02"":""3216"",""SEX_CNT_03"":""0"",""N100_LVNG_TFB_CD"":""074"",""TOTA_BMAN_CNT_TEXT"":""7466"",""AGE_CNT_10"":""0"",""AVG_ASCD_YY_CNT"":6},""message"":"""",""dc_ageDataList"":[{""VAL"":""5.7"",""CODE"":""01"",""LABEL"":""30세미만""},{""VAL"":""37.8"",""CODE"":""02"",""LABEL"":""30세이상""},{""VAL"":""32.6"",""CODE"":""03"",""LABEL"":""40세이상""},{""VAL"":""16.5"",""CODE"":""04"",""LABEL"":""50세이상""},{""VAL"":""5.6"",""CODE"":""05"",""LABEL"":""60세이상""},{""VAL"":""1.8"",""CODE"":""06"",""LABEL"":""70세이상""},{""VAL"":""0.0"",""CODE"":""10"",""LABEL"":""미상""}]}"
NTS_TASIS_LIVING_BUSINESS,075,예술학원,2025,2024,2025,11,서울특별시,00000,합계,8702.0,725.166667,6.14,5936,0.05,7,5,1488,4447,"{""dc_sexDataList"":[{""VAL"":""25.1"",""CODE"":""01"",""LABEL"":""남자""},{""VAL"":""74.9"",""CODE"":""02"",""LABEL"":""여자""},{""VAL"":""0.0"",""CODE"":""03"",""LABEL"":""미상""}],""result"":""S"",""code"":"""",""dc_lvngTfbDetail"":{""SGG_CD"":""00000"",""FRS_RGT_DTM"":""20260402110334"",""SIDO_NM"":""서울특별시"",""N100_LVNG_TFB_NM"":""예술학원"",""LST_ALT_DATA_MAAG_USER_ID"":""1"",""AGE_CNT_03"":""2003"",""AGE_CNT_02"":""1626"",""FRS_RGT_DATA_MAAG_PGM_ID"":""UTQMTDBA11"",""AGE_CNT_05"":""543"",""AGE_CNT_04"":""1384"",""AGE_CNT_06"":""126"",""YR"":""2025"",""AVG_ASCD_MM_CNT"":5,""LST_ALT_DATA_MAAG_CL_CD"":""01"",""AGE_CNT_01"":""253"",""FRS_RGT_DATA_MAAG_CL_CD"":""01"",""LST_ALT_DTM"":""20260402110334"",""AVG_GIN_AMT"":8702.0,""PYR_CPR_AVG_GIN_AMT_INCR_RTE"":6.14,""FRS_RGT_DATA_MAAG_USER_ID"":""1"",""SIDO_CD"":""11"",""SGG_NM"":""합계"",""GIN_AMT_PCTL_RKG"":""5"",""THMA_STT_TBL_ID"":""TTQSNAI01T088712"",""INDC_ORDER"":376998,""TOTA_BMAN_CNT"":""5936"",""PYR_CPR_TOT_BMAN_CNT_INCR_RTE"":0.05,""LST_ALT_DATA_MAAG_PGM_ID"":""UTQMTDBA11"",""SEX_CNT_01"":""1488"",""AVG_ASCD_YM_CNT"":""89.801529"",""GIN_AMT_PCTL"":""289930121.95"",""SEX_CNT_02"":""4447"",""SEX_CNT_03"":""1"",""N100_LVNG_TFB_CD"":""075"",""TOTA_BMAN_CNT_TEXT"":""5936"",""AGE_CNT_10"":""1"",""AVG_ASCD_YY_CNT"":7},""message"":"""",""dc_ageDataList"":[{""VAL"":""4.3"",""CODE"":""01"",""LABEL"":""30세미만""},{""VAL"":""27.4"",""CODE"":""02"",""LABEL"":""30세이상""},{""VAL"":""33.7"",""CODE"":""03"",""LABEL"":""40세이상""},{""VAL"":""23.3"",""CODE"":""04"",""LABEL"":""50세이상""},{""VAL"":""9.1"",""CODE"":""05"",""LABEL"":""60세이상""},{""VAL"":""2.1"",""CODE"":""06"",""LABEL"":""70세이상""},{""VAL"":""0.0"",""CODE"":""10"",""LABEL"":""미상""}]}"
NTS_TASIS_LIVING_BUSINESS,076,감정평가사,2025,2024,2025,11,서울특별시,00000,합계,10646.0,887.166667,2.18,367,6.38,8,10,282,85,"{""dc_sexDataList"":[{""VAL"":""76.8"",""CODE"":""01"",""LABEL"":""남자""},{""VAL"":""23.2"",""CODE"":""02"",""LABEL"":""여자""},{""VAL"":""0.0"",""CODE"":""03"",""LABEL"":""미상""}],""result"":""S"",""code"":"""",""dc_lvngTfbDetail"":{""SGG_CD"":""00000"",""FRS_RGT_DTM"":""20260402110334"",""SIDO_NM"":""서울특별시"",""N100_LVNG_TFB_NM"":""감정평가사"",""LST_ALT_DATA_MAAG_USER_ID"":""1"",""AGE_CNT_03"":""116"",""AGE_CNT_02"":""23"",""FRS_RGT_DATA_MAAG_PGM_ID"":""UTQMTDBA11"",""AGE_CNT_05"":""69"",""AGE_CNT_04"":""101"",""AGE_CNT_06"":""57"",""YR"":""2025"",""AVG_ASCD_MM_CNT"":10,""LST_ALT_DATA_MAAG_CL_CD"":""01"",""AGE_CNT_01"":""1"",""FRS_RGT_DATA_MAAG_CL_CD"":""01"",""LST_ALT_DTM"":""20260402110334"",""AVG_GIN_AMT"":10646.0,""PYR_CPR_AVG_GIN_AMT_INCR_RTE"":2.18,""FRS_RGT_DATA_MAAG_USER_ID"":""1"",""SIDO_CD"":""11"",""SGG_NM"":""합계"",""GIN_AMT_PCTL_RKG"":""5"",""THMA_STT_TBL_ID"":""TTQSNAI01T088712"",""INDC_ORDER"":382164,""TOTA_BMAN_CNT"":""367"",""PYR_CPR_TOT_BMAN_CNT_INCR_RTE"":6.38,""LST_ALT_DATA_MAAG_PGM_ID"":""UTQMTDBA11"",""SEX_CNT_01"":""282"",""AVG_ASCD_YM_CNT"":""106.633879"",""GIN_AMT_PCTL"":""286277400.75"",""SEX_CNT_02"":""85"",""SEX_CNT_03"":""0"",""N100_LVNG_TFB_CD"":""076"",""TOTA_BMAN_CNT_TEXT"":""367"",""AGE_CNT_10"":""0"",""AVG_ASCD_YY_CNT"":8},""message"":"""",""dc_ageDataList"":[{""VAL"":""0.3"",""CODE"":""01"",""LABEL"":""30세미만""},{""VAL"":""6.3"",""CODE"":""02"",""LABEL"":""30세이상""},{""VAL"":""31.6"",""CODE"":""03"",""LABEL"":""40세이상""},{""VAL"":""27.5"",""CODE"":""04"",""LABEL"":""50세이상""},{""VAL"":""18.8"",""CODE"":""05"",""LABEL"":""60세이상""},{""VAL"":""15.5"",""CODE"":""06"",""LABEL"":""70세이상""},{""VAL"":""0.0"",""CODE"":""10"",""LABEL"":""미상""}]}"
NTS_TASIS_LIVING_BUSINESS,077,건축사,2025,2024,2025,11,서울특별시,00000,합계,16289.0,1357.416667,-6.91,3602,2.8,9,3,2903,698,"{""dc_sexDataList"":[{""VAL"":""80.6"",""CODE"":""01"",""LABEL"":""남자""},{""VAL"":""19.4"",""CODE"":""02"",""LABEL"":""여자""},{""VAL"":""0.0"",""CODE"":""03"",""LABEL"":""미상""}],""result"":""S"",""code"":"""",""dc_lvngTfbDetail"":{""SGG_CD"":""00000"",""FRS_RGT_DTM"":""20260402110334"",""SIDO_NM"":""서울특별시"",""N100_LVNG_TFB_NM"":""건축사"",""LST_ALT_DATA_MAAG_USER_ID"":""1"",""AGE_CNT_03"":""994"",""AGE_CNT_02"":""357"",""FRS_RGT_DATA_MAAG_PGM_ID"":""UTQMTDBA11"",""AGE_CNT_05"":""756"",""AGE_CNT_04"":""1279"",""AGE_CNT_06"":""214"",""YR"":""2025"",""AVG_ASCD_MM_CNT"":3,""LST_ALT_DATA_MAAG_CL_CD"":""01"",""AGE_CNT_01"":""1"",""FRS_RGT_DATA_MAAG_CL_CD"":""01"",""LST_ALT_DTM"":""20260402110334"",""AVG_GIN_AMT"":16289.0,""PYR_CPR_AVG_GIN_AMT_INCR_RTE"":-6.91,""FRS_RGT_DATA_MAAG_USER_ID"":""1"",""SIDO_CD"":""11"",""SGG_NM"":""합계"",""GIN_AMT_PCTL_RKG"":""15"",""THMA_STT_TBL_ID"":""TTQSNAI01T088712"",""INDC_ORDER"":385268,""TOTA_BMAN_CNT"":""3602"",""PYR_CPR_TOT_BMAN_CNT_INCR_RTE"":2.8,""LST_ALT_DATA_MAAG_PGM_ID"":""UTQMTDBA11"",""SEX_CNT_01"":""2903"",""AVG_ASCD_YM_CNT"":""111.333986"",""GIN_AMT_PCTL"":""276938009.20"",""SEX_CNT_02"":""698"",""SEX_CNT_03"":""1"",""N100_LVNG_TFB_CD"":""077"",""TOTA_BMAN_CNT_TEXT"":""3602"",""AGE_CNT_10"":""1"",""AVG_ASCD_YY_CNT"":9},""message"":"""",""dc_ageDataList"":[{""VAL"":""0.0"",""CODE"":""01"",""LABEL"":""30세미만""},{""VAL"":""9.9"",""CODE"":""02"",""LABEL"":""30세이상""},{""VAL"":""27.6"",""CODE"":""03"",""LABEL"":""40세이상""},{""VAL"":""35.5"",""CODE"":""04"",""LABEL"":""50세이상""},{""VAL"":""21.0"",""CODE"":""05"",""LABEL"":""60세이상""},{""VAL"":""5.9"",""CODE"":""06"",""LABEL"":""70세이상""},{""VAL"":""0.0"",""CODE"":""10"",""LABEL"":""미상""}]}"
NTS_TASIS_LIVING_BUSINESS,078,공인노무사,2025,2024,2025,11,서울특별시,00000,합계,10774.0,897.833333,10.58,786,11.17,5,10,550,236,"{""dc_sexDataList"":[{""VAL"":""70.0"",""CODE"":""01"",""LABEL"":""남자""},{""VAL"":""30.0"",""CODE"":""02"",""LABEL"":""여자""},{""VAL"":""0.0"",""CODE"":""03"",""LABEL"":""미상""}],""result"":""S"",""code"":"""",""dc_lvngTfbDetail"":{""SGG_CD"":""00000"",""FRS_RGT_DTM"":""20260402110334"",""SIDO_NM"":""서울특별시"",""N100_LVNG_TFB_NM"":""공인노무사"",""LST_ALT_DATA_MAAG_USER_ID"":""1"",""AGE_CNT_03"":""285"",""AGE_CNT_02"":""267"",""FRS_RGT_DATA_MAAG_PGM_ID"":""UTQMTDBA11"",""AGE_CNT_05"":""54"",""AGE_CNT_04"":""152"",""AGE_CNT_06"":""14"",""YR"":""2025"",""AVG_ASCD_MM_CNT"":10,""LST_ALT_DATA_MAAG_CL_CD"":""01"",""AGE_CNT_01"":""14"",""FRS_RGT_DATA_MAAG_CL_CD"":""01"",""LST_ALT_DTM"":""20260402110334"",""AVG_GIN_AMT"":10774.0,""PYR_CPR_AVG_GIN_AMT_INCR_RTE"":10.58,""FRS_RGT_DATA_MAAG_USER_ID"":""1"",""SIDO_CD"":""11"",""SGG_NM"":""합계"",""GIN_AMT_PCTL_RKG"":""10"",""THMA_STT_TBL_ID"":""TTQSNAI01T088712"",""INDC_ORDER"":390413,""TOTA_BMAN_CNT"":""786"",""PYR_CPR_TOT_BMAN_CNT_INCR_RTE"":11.17,""LST_ALT_DATA_MAAG_PGM_ID"":""UTQMTDBA11"",""SEX_CNT_01"":""550"",""AVG_ASCD_YM_CNT"":""70.882802"",""GIN_AMT_PCTL"":""258388479.40"",""SEX_CNT_02"":""236"",""SEX_CNT_03"":""0"",""N100_LVNG_TFB_CD"":""078"",""TOTA_BMAN_CNT_TEXT"":""786"",""AGE_CNT_10"":""0"",""AVG_ASCD_YY_CNT"":5},""message"":"""",""dc_ageDataList"":[{""VAL"":""1.8"",""CODE"":""01"",""LABEL"":""30세미만""},{""VAL"":""34.0"",""CODE"":""02"",""LABEL"":""30세이상""},{""VAL"":""36.3"",""CODE"":""03"",""LABEL"":""40세이상""},{""VAL"":""19.3"",""CODE"":""04"",""LABEL"":""50세이상""},{""VAL"":""6.9"",""CODE"":""05"",""LABEL"":""60세이상""},{""VAL"":""1.8"",""CODE"":""06"",""LABEL"":""70세이상""},{""VAL"":""0.0"",""CODE"":""10"",""LABEL"":""미상""}]}"
NTS_TASIS_LIVING_BUSINESS,079,공인회계사,2025,2024,2025,11,서울특별시,00000,합계,41362.0,3446.833333,2.06,990,5.1,12,3,889,101,"{""dc_sexDataList"":[{""VAL"":""89.8"",""CODE"":""01"",""LABEL"":""남자""},{""VAL"":""10.2"",""CODE"":""02"",""LABEL"":""여자""},{""VAL"":""0.0"",""CODE"":""03"",""LABEL"":""미상""}],""result"":""S"",""code"":"""",""dc_lvngTfbDetail"":{""SGG_CD"":""00000"",""FRS_RGT_DTM"":""20260402110334"",""SIDO_NM"":""서울특별시"",""N100_LVNG_TFB_NM"":""공인회계사"",""LST_ALT_DATA_MAAG_USER_ID"":""1"",""AGE_CNT_03"":""249"",""AGE_CNT_02"":""77"",""FRS_RGT_DATA_MAAG_PGM_ID"":""UTQMTDBA11"",""AGE_CNT_05"":""211"",""AGE_CNT_04"":""352"",""AGE_CNT_06"":""96"",""YR"":""2025"",""AVG_ASCD_MM_CNT"":3,""LST_ALT_DATA_MAAG_CL_CD"":""01"",""AGE_CNT_01"":""5"",""FRS_RGT_DATA_MAAG_CL_CD"":""01"",""LST_ALT_DTM"":""20260402110334"",""AVG_GIN_AMT"":41362.0,""PYR_CPR_AVG_GIN_AMT_INCR_RTE"":2.06,""FRS_RGT_DATA_MAAG_USER_ID"":""1"",""SIDO_CD"":""11"",""SGG_NM"":""합계"",""GIN_AMT_PCTL_RKG"":""60"",""THMA_STT_TBL_ID"":""TTQSNAI01T088712"",""INDC_ORDER"":393283,""TOTA_BMAN_CNT"":""990"",""PYR_CPR_TOT_BMAN_CNT_INCR_RTE"":5.1,""LST_ALT_DATA_MAAG_PGM_ID"":""UTQMTDBA11"",""SEX_CNT_01"":""889"",""AVG_ASCD_YM_CNT"":""147.797116"",""GIN_AMT_PCTL"":""274160319.00"",""SEX_CNT_02"":""101"",""SEX_CNT_03"":""0"",""N100_LVNG_TFB_CD"":""079"",""TOTA_BMAN_CNT_TEXT"":""990"",""AGE_CNT_10"":""0"",""AVG_ASCD_YY_CNT"":12},""message"":"""",""dc_ageDataList"":[{""VAL"":""0.5"",""CODE"":""01"",""LABEL"":""30세미만""},{""VAL"":""7.8"",""CODE"":""02"",""LABEL"":""30세이상""},{""VAL"":""25.2"",""CODE"":""03"",""LABEL"":""40세이상""},{""VAL"":""35.6"",""CODE"":""04"",""LABEL"":""50세이상""},{""VAL"":""21.3"",""CODE"":""05"",""LABEL"":""60세이상""},{""VAL"":""9.7"",""CODE"":""06"",""LABEL"":""70세이상""},{""VAL"":""0.0"",""CODE"":""10"",""LABEL"":""미상""}]}"
NTS_TASIS_LIVING_BUSINESS,080,기술사,2025,2024,2025,11,서울특별시,00000,합계,18635.0,1552.916667,3.3,419,4.49,8,9,375,44,"{""dc_sexDataList"":[{""VAL"":""89.5"",""CODE"":""01"",""LABEL"":""남자""},{""VAL"":""10.5"",""CODE"":""02"",""LABEL"":""여자""},{""VAL"":""0.0"",""CODE"":""03"",""LABEL"":""미상""}],""result"":""S"",""code"":"""",""dc_lvngTfbDetail"":{""SGG_CD"":""00000"",""FRS_RGT_DTM"":""20260402110334"",""SIDO_NM"":""서울특별시"",""N100_LVNG_TFB_NM"":""기술사"",""LST_ALT_DATA_MAAG_USER_ID"":""1"",""AGE_CNT_03"":""88"",""AGE_CNT_02"":""13"",""FRS_RGT_DATA_MAAG_PGM_ID"":""UTQMTDBA11"",""AGE_CNT_05"":""108"",""AGE_CNT_04"":""169"",""AGE_CNT_06"":""41"",""YR"":""2025"",""AVG_ASCD_MM_CNT"":9,""LST_ALT_DATA_MAAG_CL_CD"":""01"",""AGE_CNT_01"":""0"",""FRS_RGT_DATA_MAAG_CL_CD"":""01"",""LST_ALT_DTM"":""20260402110334"",""AVG_GIN_AMT"":18635.0,""PYR_CPR_AVG_GIN_AMT_INCR_RTE"":3.3,""FRS_RGT_DATA_MAAG_USER_ID"":""1"",""SIDO_CD"":""11"",""SGG_NM"":""합계"",""GIN_AMT_PCTL_RKG"":""25"",""THMA_STT_TBL_ID"":""TTQSNAI01T088712"",""INDC_ORDER"":396682,""TOTA_BMAN_CNT"":""419"",""PYR_CPR_TOT_BMAN_CNT_INCR_RTE"":4.49,""LST_ALT_DATA_MAAG_PGM_ID"":""UTQMTDBA11"",""SEX_CNT_01"":""375"",""AVG_ASCD_YM_CNT"":""105.326968"",""GIN_AMT_PCTL"":""246088445.50"",""SEX_CNT_02"":""44"",""SEX_CNT_03"":""0"",""N100_LVNG_TFB_CD"":""080"",""TOTA_BMAN_CNT_TEXT"":""419"",""AGE_CNT_10"":""0"",""AVG_ASCD_YY_CNT"":8},""message"":"""",""dc_ageDataList"":[{""VAL"":""0.0"",""CODE"":""01"",""LABEL"":""30세미만""},{""VAL"":""3.1"",""CODE"":""02"",""LABEL"":""30세이상""},{""VAL"":""21.0"",""CODE"":""03"",""LABEL"":""40세이상""},{""VAL"":""40.3"",""CODE"":""04"",""LABEL"":""50세이상""},{""VAL"":""25.8"",""CODE"":""05"",""LABEL"":""60세이상""},{""VAL"":""9.8"",""CODE"":""06"",""LABEL"":""70세이상""},{""VAL"":""0.0"",""CODE"":""10"",""LABEL"":""미상""}]}"
NTS_TASIS_LIVING_BUSINESS,081,법무사,2025,2024,2025,11,서울특별시,00000,합계,16652.0,1387.666667,5.66,2217,3.79,12,5,1956,261,"{""dc_sexDataList"":[{""VAL"":""88.2"",""CODE"":""01"",""LABEL"":""남자""},{""VAL"":""11.8"",""CODE"":""02"",""LABEL"":""여자""},{""VAL"":""0.0"",""CODE"":""03"",""LABEL"":""미상""}],""result"":""S"",""code"":"""",""dc_lvngTfbDetail"":{""SGG_CD"":""00000"",""FRS_RGT_DTM"":""20260402110334"",""SIDO_NM"":""서울특별시"",""N100_LVNG_TFB_NM"":""법무사"",""LST_ALT_DATA_MAAG_USER_ID"":""1"",""AGE_CNT_03"":""206"",""AGE_CNT_02"":""68"",""FRS_RGT_DATA_MAAG_PGM_ID"":""UTQMTDBA11"",""AGE_CNT_05"":""811"",""AGE_CNT_04"":""600"",""AGE_CNT_06"":""526"",""YR"":""2025"",""AVG_ASCD_MM_CNT"":5,""LST_ALT_DATA_MAAG_CL_CD"":""01"",""AGE_CNT_01"":""6"",""FRS_RGT_DATA_MAAG_CL_CD"":""01"",""LST_ALT_DTM"":""20260402110334"",""AVG_GIN_AMT"":16652.0,""PYR_CPR_AVG_GIN_AMT_INCR_RTE"":5.66,""FRS_RGT_DATA_MAAG_USER_ID"":""1"",""SIDO_CD"":""11"",""SGG_NM"":""합계"",""GIN_AMT_PCTL_RKG"":""20"",""THMA_STT_TBL_ID"":""TTQSNAI01T088712"",""INDC_ORDER"":400377,""TOTA_BMAN_CNT"":""2217"",""PYR_CPR_TOT_BMAN_CNT_INCR_RTE"":3.79,""LST_ALT_DATA_MAAG_PGM_ID"":""UTQMTDBA11"",""SEX_CNT_01"":""1956"",""AVG_ASCD_YM_CNT"":""149.162559"",""GIN_AMT_PCTL"":""266645437.00"",""SEX_CNT_02"":""261"",""SEX_CNT_03"":""0"",""N100_LVNG_TFB_CD"":""081"",""TOTA_BMAN_CNT_TEXT"":""2217"",""AGE_CNT_10"":""0"",""AVG_ASCD_YY_CNT"":12},""message"":"""",""dc_ageDataList"":[{""VAL"":""0.3"",""CODE"":""01"",""LABEL"":""30세미만""},{""VAL"":""3.1"",""CODE"":""02"",""LABEL"":""30세이상""},{""VAL"":""9.3"",""CODE"":""03"",""LABEL"":""40세이상""},{""VAL"":""27.1"",""CODE"":""04"",""LABEL"":""50세이상""},{""VAL"":""36.6"",""CODE"":""05"",""LABEL"":""60세이상""},{""VAL"":""23.7"",""CODE"":""06"",""LABEL"":""70세이상""},{""VAL"":""0.0"",""CODE"":""10"",""LABEL"":""미상""}]}"
NTS_TASIS_LIVING_BUSINESS,082,변리사,2025,2024,2025,11,서울특별시,00000,합계,50262.0,4188.5,-2.01,838,3.08,10,11,762,76,"{""dc_sexDataList"":[{""VAL"":""90.9"",""CODE"":""01"",""LABEL"":""남자""},{""VAL"":""9.1"",""CODE"":""02"",""LABEL"":""여자""},{""VAL"":""0.0"",""CODE"":""03"",""LABEL"":""미상""}],""result"":""S"",""code"":"""",""dc_lvngTfbDetail"":{""SGG_CD"":""00000"",""FRS_RGT_DTM"":""20260402110334"",""SIDO_NM"":""서울특별시"",""N100_LVNG_TFB_NM"":""변리사"",""LST_ALT_DATA_MAAG_USER_ID"":""1"",""AGE_CNT_03"":""244"",""AGE_CNT_02"":""80"",""FRS_RGT_DATA_MAAG_PGM_ID"":""UTQMTDBA11"",""AGE_CNT_05"":""160"",""AGE_CNT_04"":""263"",""AGE_CNT_06"":""90"",""YR"":""2025"",""AVG_ASCD_MM_CNT"":11,""LST_ALT_DATA_MAAG_CL_CD"":""01"",""AGE_CNT_01"":""1"",""FRS_RGT_DATA_MAAG_CL_CD"":""01"",""LST_ALT_DTM"":""20260402110334"",""AVG_GIN_AMT"":50262.0,""PYR_CPR_AVG_GIN_AMT_INCR_RTE"":-2.01,""FRS_RGT_DATA_MAAG_USER_ID"":""1"",""SIDO_CD"":""11"",""SGG_NM"":""합계"",""GIN_AMT_PCTL_RKG"":""45"",""THMA_STT_TBL_ID"":""TTQSNAI01T088712"",""INDC_ORDER"":405527,""TOTA_BMAN_CNT"":""838"",""PYR_CPR_TOT_BMAN_CNT_INCR_RTE"":3.08,""LST_ALT_DATA_MAAG_PGM_ID"":""UTQMTDBA11"",""SEX_CNT_01"":""762"",""AVG_ASCD_YM_CNT"":""131.422195"",""GIN_AMT_PCTL"":""290086988.25"",""SEX_CNT_02"":""76"",""SEX_CNT_03"":""0"",""N100_LVNG_TFB_CD"":""082"",""TOTA_BMAN_CNT_TEXT"":""838"",""AGE_CNT_10"":""0"",""AVG_ASCD_YY_CNT"":10},""message"":"""",""dc_ageDataList"":[{""VAL"":""0.1"",""CODE"":""01"",""LABEL"":""30세미만""},{""VAL"":""9.5"",""CODE"":""02"",""LABEL"":""30세이상""},{""VAL"":""29.1"",""CODE"":""03"",""LABEL"":""40세이상""},{""VAL"":""31.4"",""CODE"":""04"",""LABEL"":""50세이상""},{""VAL"":""19.1"",""CODE"":""05"",""LABEL"":""60세이상""},{""VAL"":""10.7"",""CODE"":""06"",""LABEL"":""70세이상""},{""VAL"":""0.0"",""CODE"":""10"",""LABEL"":""미상""}]}"
NTS_TASIS_LIVING_BUSINESS,083,변호사,2025,2024,2025,11,서울특별시,00000,합계,47511.0,3959.25,2.66,5043,3.64,7,10,4103,939,"{""dc_sexDataList"":[{""VAL"":""81.4"",""CODE"":""01"",""LABEL"":""남자""},{""VAL"":""18.6"",""CODE"":""02"",""LABEL"":""여자""},{""VAL"":""0.0"",""CODE"":""03"",""LABEL"":""미상""}],""result"":""S"",""code"":"""",""dc_lvngTfbDetail"":{""SGG_CD"":""00000"",""FRS_RGT_DTM"":""20260402110334"",""SIDO_NM"":""서울특별시"",""N100_LVNG_TFB_NM"":""변호사"",""LST_ALT_DATA_MAAG_USER_ID"":""1"",""AGE_CNT_03"":""1685"",""AGE_CNT_02"":""744"",""FRS_RGT_DATA_MAAG_PGM_ID"":""UTQMTDBA11"",""AGE_CNT_05"":""799"",""AGE_CNT_04"":""1430"",""AGE_CNT_06"":""376"",""YR"":""2025"",""AVG_ASCD_MM_CNT"":10,""LST_ALT_DATA_MAAG_CL_CD"":""01"",""AGE_CNT_01"":""8"",""FRS_RGT_DATA_MAAG_CL_CD"":""01"",""LST_ALT_DTM"":""20260402110334"",""AVG_GIN_AMT"":47511.0,""PYR_CPR_AVG_GIN_AMT_INCR_RTE"":2.66,""FRS_RGT_DATA_MAAG_USER_ID"":""1"",""SIDO_CD"":""11"",""SGG_NM"":""합계"",""GIN_AMT_PCTL_RKG"":""25"",""THMA_STT_TBL_ID"":""TTQSNAI01T088712"",""INDC_ORDER"":407677,""TOTA_BMAN_CNT"":""5043"",""PYR_CPR_TOT_BMAN_CNT_INCR_RTE"":3.64,""LST_ALT_DATA_MAAG_PGM_ID"":""UTQMTDBA11"",""SEX_CNT_01"":""4103"",""AVG_ASCD_YM_CNT"":""94.615270"",""GIN_AMT_PCTL"":""283916211.25"",""SEX_CNT_02"":""939"",""SEX_CNT_03"":""1"",""N100_LVNG_TFB_CD"":""083"",""TOTA_BMAN_CNT_TEXT"":""5043"",""AGE_CNT_10"":""1"",""AVG_ASCD_YY_CNT"":7},""message"":"""",""dc_ageDataList"":[{""VAL"":""0.2"",""CODE"":""01"",""LABEL"":""30세미만""},{""VAL"":""14.8"",""CODE"":""02"",""LABEL"":""30세이상""},{""VAL"":""33.4"",""CODE"":""03"",""LABEL"":""40세이상""},{""VAL"":""28.4"",""CODE"":""04"",""LABEL"":""50세이상""},{""VAL"":""15.8"",""CODE"":""05"",""LABEL"":""60세이상""},{""VAL"":""7.5"",""CODE"":""06"",""LABEL"":""70세이상""},{""VAL"":""0.0"",""CODE"":""10"",""LABEL"":""미상""}]}"
NTS_TASIS_LIVING_BUSINESS,084,세무사,2025,2024,2025,11,서울특별시,00000,합계,30493.0,2541.083333,0.71,6610,3.64,10,10,5552,1058,"{""dc_sexDataList"":[{""VAL"":""84.0"",""CODE"":""01"",""LABEL"":""남자""},{""VAL"":""16.0"",""CODE"":""02"",""LABEL"":""여자""},{""VAL"":""0.0"",""CODE"":""03"",""LABEL"":""미상""}],""result"":""S"",""code"":"""",""dc_lvngTfbDetail"":{""SGG_CD"":""00000"",""FRS_RGT_DTM"":""20260402110334"",""SIDO_NM"":""서울특별시"",""N100_LVNG_TFB_NM"":""세무사"",""LST_ALT_DATA_MAAG_USER_ID"":""1"",""AGE_CNT_03"":""1515"",""AGE_CNT_02"":""1145"",""FRS_RGT_DATA_MAAG_PGM_ID"":""UTQMTDBA11"",""AGE_CNT_05"":""1228"",""AGE_CNT_04"":""1464"",""AGE_CNT_06"":""1188"",""YR"":""2025"",""AVG_ASCD_MM_CNT"":10,""LST_ALT_DATA_MAAG_CL_CD"":""01"",""AGE_CNT_01"":""70"",""FRS_RGT_DATA_MAAG_CL_CD"":""01"",""LST_ALT_DTM"":""20260402110334"",""AVG_GIN_AMT"":30493.0,""PYR_CPR_AVG_GIN_AMT_INCR_RTE"":0.71,""FRS_RGT_DATA_MAAG_USER_ID"":""1"",""SIDO_CD"":""11"",""SGG_NM"":""합계"",""GIN_AMT_PCTL_RKG"":""40"",""THMA_STT_TBL_ID"":""TTQSNAI01T088712"",""INDC_ORDER"":411414,""TOTA_BMAN_CNT"":""6610"",""PYR_CPR_TOT_BMAN_CNT_INCR_RTE"":3.64,""LST_ALT_DATA_MAAG_PGM_ID"":""UTQMTDBA11"",""SEX_CNT_01"":""5552"",""AVG_ASCD_YM_CNT"":""130.865117"",""GIN_AMT_PCTL"":""292540709.20"",""SEX_CNT_02"":""1058"",""SEX_CNT_03"":""0"",""N100_LVNG_TFB_CD"":""084"",""TOTA_BMAN_CNT_TEXT"":""6610"",""AGE_CNT_10"":""0"",""AVG_ASCD_YY_CNT"":10},""message"":"""",""dc_ageDataList"":[{""VAL"":""1.1"",""CODE"":""01"",""LABEL"":""30세미만""},{""VAL"":""17.3"",""CODE"":""02"",""LABEL"":""30세이상""},{""VAL"":""22.9"",""CODE"":""03"",""LABEL"":""40세이상""},{""VAL"":""22.1"",""CODE"":""04"",""LABEL"":""50세이상""},{""VAL"":""18.6"",""CODE"":""05"",""LABEL"":""60세이상""},{""VAL"":""18.0"",""CODE"":""06"",""LABEL"":""70세이상""},{""VAL"":""0.0"",""CODE"":""10"",""LABEL"":""미상""}]}"
NTS_TASIS_LIVING_BUSINESS,085,기타일반의원,2025,2024,2025,11,서울특별시,00000,합계,132867.0,11072.25,6.05,1098,3.58,10,3,883,215,"{""dc_sexDataList"":[{""VAL"":""80.4"",""CODE"":""01"",""LABEL"":""남자""},{""VAL"":""19.6"",""CODE"":""02"",""LABEL"":""여자""},{""VAL"":""0.0"",""CODE"":""03"",""LABEL"":""미상""}],""result"":""S"",""code"":"""",""dc_lvngTfbDetail"":{""SGG_CD"":""00000"",""FRS_RGT_DTM"":""20260402110334"",""SIDO_NM"":""서울특별시"",""N100_LVNG_TFB_NM"":""기타일반의원"",""LST_ALT_DATA_MAAG_USER_ID"":""1"",""AGE_CNT_03"":""398"",""AGE_CNT_02"":""87"",""FRS_RGT_DATA_MAAG_PGM_ID"":""UTQMTDBA11"",""AGE_CNT_05"":""203"",""AGE_CNT_04"":""375"",""AGE_CNT_06"":""34"",""YR"":""2025"",""AVG_ASCD_MM_CNT"":3,""LST_ALT_DATA_MAAG_CL_CD"":""01"",""AGE_CNT_01"":""1"",""FRS_RGT_DATA_MAAG_CL_CD"":""01"",""LST_ALT_DTM"":""20260402110334"",""AVG_GIN_AMT"":132867.0,""PYR_CPR_AVG_GIN_AMT_INCR_RTE"":6.05,""FRS_RGT_DATA_MAAG_USER_ID"":""1"",""SIDO_CD"":""11"",""SGG_NM"":""합계"",""GIN_AMT_PCTL_RKG"":""90"",""THMA_STT_TBL_ID"":""TTQSNAI01T088712"",""INDC_ORDER"":416073,""TOTA_BMAN_CNT"":""1098"",""PYR_CPR_TOT_BMAN_CNT_INCR_RTE"":3.58,""LST_ALT_DATA_MAAG_PGM_ID"":""UTQMTDBA11"",""SEX_CNT_01"":""883"",""AVG_ASCD_YM_CNT"":""123.280109"",""GIN_AMT_PCTL"":""271231755.40"",""SEX_CNT_02"":""215"",""SEX_CNT_03"":""0"",""N100_LVNG_TFB_CD"":""085"",""TOTA_BMAN_CNT_TEXT"":""1098"",""AGE_CNT_10"":""0"",""AVG_ASCD_YY_CNT"":10},""message"":"""",""dc_ageDataList"":[{""VAL"":""0.1"",""CODE"":""01"",""LABEL"":""30세미만""},{""VAL"":""7.9"",""CODE"":""02"",""LABEL"":""30세이상""},{""VAL"":""36.2"",""CODE"":""03"",""LABEL"":""40세이상""},{""VAL"":""34.2"",""CODE"":""04"",""LABEL"":""50세이상""},{""VAL"":""18.5"",""CODE"":""05"",""LABEL"":""60세이상""},{""VAL"":""3.1"",""CODE"":""06"",""LABEL"":""70세이상""},{""VAL"":""0.0"",""CODE"":""10"",""LABEL"":""미상""}]}"
NTS_TASIS_LIVING_BUSINESS,086,내과ㆍ소아과의원,2025,2024,2025,11,서울특별시,00000,합계,101640.0,8470.0,5.63,2607,1.2,16,0,1933,674,"{""dc_sexDataList"":[{""VAL"":""74.1"",""CODE"":""01"",""LABEL"":""남자""},{""VAL"":""25.9"",""CODE"":""02"",""LABEL"":""여자""},{""VAL"":""0.0"",""CODE"":""03"",""LABEL"":""미상""}],""result"":""S"",""code"":"""",""dc_lvngTfbDetail"":{""SGG_CD"":""00000"",""FRS_RGT_DTM"":""20260402110334"",""SIDO_NM"":""서울특별시"",""N100_LVNG_TFB_NM"":""내과ㆍ소아과의원"",""LST_ALT_DATA_MAAG_USER_ID"":""1"",""AGE_CNT_03"":""617"",""AGE_CNT_02"":""104"",""FRS_RGT_DATA_MAAG_PGM_ID"":""UTQMTDBA11"",""AGE_CNT_05"":""750"",""AGE_CNT_04"":""815"",""AGE_CNT_06"":""320"",""YR"":""2025"",""AVG_ASCD_MM_CNT"":0,""LST_ALT_DATA_MAAG_CL_CD"":""01"",""AGE_CNT_01"":""1"",""FRS_RGT_DATA_MAAG_CL_CD"":""01"",""LST_ALT_DTM"":""20260402110334"",""AVG_GIN_AMT"":101640.0,""PYR_CPR_AVG_GIN_AMT_INCR_RTE"":5.63,""FRS_RGT_DATA_MAAG_USER_ID"":""1"",""SIDO_CD"":""11"",""SGG_NM"":""합계"",""GIN_AMT_PCTL_RKG"":""85"",""THMA_STT_TBL_ID"":""TTQSNAI01T088712"",""INDC_ORDER"":420865,""TOTA_BMAN_CNT"":""2607"",""PYR_CPR_TOT_BMAN_CNT_INCR_RTE"":1.2,""LST_ALT_DATA_MAAG_PGM_ID"":""UTQMTDBA11"",""SEX_CNT_01"":""1933"",""AVG_ASCD_YM_CNT"":""192.586605"",""GIN_AMT_PCTL"":""265118692.30"",""SEX_CNT_02"":""674"",""SEX_CNT_03"":""0"",""N100_LVNG_TFB_CD"":""086"",""TOTA_BMAN_CNT_TEXT"":""2607"",""AGE_CNT_10"":""0"",""AVG_ASCD_YY_CNT"":16},""message"":"""",""dc_ageDataList"":[{""VAL"":""0.0"",""CODE"":""01"",""LABEL"":""30세미만""},{""VAL"":""4.0"",""CODE"":""02"",""LABEL"":""30세이상""},{""VAL"":""23.7"",""CODE"":""03"",""LABEL"":""40세이상""},{""VAL"":""31.3"",""CODE"":""04"",""LABEL"":""50세이상""},{""VAL"":""28.8"",""CODE"":""05"",""LABEL"":""60세이상""},{""VAL"":""12.3"",""CODE"":""06"",""LABEL"":""70세이상""},{""VAL"":""0.0"",""CODE"":""10"",""LABEL"":""미상""}]}"
NTS_TASIS_LIVING_BUSINESS,087,동물병원,2025,2024,2025,11,서울특별시,00000,합계,55469.0,4622.416667,11.67,942,2.95,11,9,802,140,"{""dc_sexDataList"":[{""VAL"":""85.1"",""CODE"":""01"",""LABEL"":""남자""},{""VAL"":""14.9"",""CODE"":""02"",""LABEL"":""여자""},{""VAL"":""0.0"",""CODE"":""03"",""LABEL"":""미상""}],""result"":""S"",""code"":"""",""dc_lvngTfbDetail"":{""SGG_CD"":""00000"",""FRS_RGT_DTM"":""20260402110334"",""SIDO_NM"":""서울특별시"",""N100_LVNG_TFB_NM"":""동물병원"",""LST_ALT_DATA_MAAG_USER_ID"":""1"",""AGE_CNT_03"":""409"",""AGE_CNT_02"":""119"",""FRS_RGT_DATA_MAAG_PGM_ID"":""UTQMTDBA11"",""AGE_CNT_05"":""85"",""AGE_CNT_04"":""311"",""AGE_CNT_06"":""18"",""YR"":""2025"",""AVG_ASCD_MM_CNT"":9,""LST_ALT_DATA_MAAG_CL_CD"":""01"",""AGE_CNT_01"":""0"",""FRS_RGT_DATA_MAAG_CL_CD"":""01"",""LST_ALT_DTM"":""20260402110334"",""AVG_GIN_AMT"":55469.0,""PYR_CPR_AVG_GIN_AMT_INCR_RTE"":11.67,""FRS_RGT_DATA_MAAG_USER_ID"":""1"",""SIDO_CD"":""11"",""SGG_NM"":""합계"",""GIN_AMT_PCTL_RKG"":""60"",""THMA_STT_TBL_ID"":""TTQSNAI01T088712"",""INDC_ORDER"":425984,""TOTA_BMAN_CNT"":""942"",""PYR_CPR_TOT_BMAN_CNT_INCR_RTE"":2.95,""LST_ALT_DATA_MAAG_PGM_ID"":""UTQMTDBA11"",""SEX_CNT_01"":""802"",""AVG_ASCD_YM_CNT"":""141.014925"",""GIN_AMT_PCTL"":""293521866.00"",""SEX_CNT_02"":""140"",""SEX_CNT_03"":""0"",""N100_LVNG_TFB_CD"":""087"",""TOTA_BMAN_CNT_TEXT"":""942"",""AGE_CNT_10"":""0"",""AVG_ASCD_YY_CNT"":11},""message"":"""",""dc_ageDataList"":[{""VAL"":""0.0"",""CODE"":""01"",""LABEL"":""30세미만""},{""VAL"":""12.6"",""CODE"":""02"",""LABEL"":""30세이상""},{""VAL"":""43.4"",""CODE"":""03"",""LABEL"":""40세이상""},{""VAL"":""33.0"",""CODE"":""04"",""LABEL"":""50세이상""},{""VAL"":""9.0"",""CODE"":""05"",""LABEL"":""60세이상""},{""VAL"":""1.9"",""CODE"":""06"",""LABEL"":""70세이상""},{""VAL"":""0.0"",""CODE"":""10"",""LABEL"":""미상""}]}"
NTS_TASIS_LIVING_BUSINESS,088,산부인과의원,2025,2024,2025,11,서울특별시,00000,합계,137992.0,11499.333333,12.46,550,1.1,13,5,178,372,"{""dc_sexDataList"":[{""VAL"":""32.4"",""CODE"":""01"",""LABEL"":""남자""},{""VAL"":""67.6"",""CODE"":""02"",""LABEL"":""여자""},{""VAL"":""0.0"",""CODE"":""03"",""LABEL"":""미상""}],""result"":""S"",""code"":"""",""dc_lvngTfbDetail"":{""SGG_CD"":""00000"",""FRS_RGT_DTM"":""20260402110334"",""SIDO_NM"":""서울특별시"",""N100_LVNG_TFB_NM"":""산부인과의원"",""LST_ALT_DATA_MAAG_USER_ID"":""1"",""AGE_CNT_03"":""145"",""AGE_CNT_02"":""23"",""FRS_RGT_DATA_MAAG_PGM_ID"":""UTQMTDBA11"",""AGE_CNT_05"":""127"",""AGE_CNT_04"":""175"",""AGE_CNT_06"":""80"",""YR"":""2025"",""AVG_ASCD_MM_CNT"":5,""LST_ALT_DATA_MAAG_CL_CD"":""01"",""AGE_CNT_01"":""0"",""FRS_RGT_DATA_MAAG_CL_CD"":""01"",""LST_ALT_DTM"":""20260402110334"",""AVG_GIN_AMT"":137992.0,""PYR_CPR_AVG_GIN_AMT_INCR_RTE"":12.46,""FRS_RGT_DATA_MAAG_USER_ID"":""1"",""SIDO_CD"":""11"",""SGG_NM"":""합계"",""GIN_AMT_PCTL_RKG"":""80"",""THMA_STT_TBL_ID"":""TTQSNAI01T088712"",""INDC_ORDER"":431154,""TOTA_BMAN_CNT"":""550"",""PYR_CPR_TOT_BMAN_CNT_INCR_RTE"":1.1,""LST_ALT_DATA_MAAG_PGM_ID"":""UTQMTDBA11"",""SEX_CNT_01"":""178"",""AVG_ASCD_YM_CNT"":""161.531992"",""GIN_AMT_PCTL"":""291159208.80"",""SEX_CNT_02"":""372"",""SEX_CNT_03"":""0"",""N100_LVNG_TFB_CD"":""088"",""TOTA_BMAN_CNT_TEXT"":""550"",""AGE_CNT_10"":""0"",""AVG_ASCD_YY_CNT"":13},""message"":"""",""dc_ageDataList"":[{""VAL"":""0.0"",""CODE"":""01"",""LABEL"":""30세미만""},{""VAL"":""4.2"",""CODE"":""02"",""LABEL"":""30세이상""},{""VAL"":""26.4"",""CODE"":""03"",""LABEL"":""40세이상""},{""VAL"":""31.8"",""CODE"":""04"",""LABEL"":""50세이상""},{""VAL"":""23.1"",""CODE"":""05"",""LABEL"":""60세이상""},{""VAL"":""14.5"",""CODE"":""06"",""LABEL"":""70세이상""},{""VAL"":""0.0"",""CODE"":""10"",""LABEL"":""미상""}]}"
NTS_TASIS_LIVING_BUSINESS,089,성형외과의원,2025,2024,2025,11,서울특별시,00000,합계,245845.0,20487.083333,7.76,905,4.62,7,4,846,59,"{""dc_sexDataList"":[{""VAL"":""93.5"",""CODE"":""01"",""LABEL"":""남자""},{""VAL"":""6.5"",""CODE"":""02"",""LABEL"":""여자""},{""VAL"":""0.0"",""CODE"":""03"",""LABEL"":""미상""}],""result"":""S"",""code"":"""",""dc_lvngTfbDetail"":{""SGG_CD"":""00000"",""FRS_RGT_DTM"":""20260402110334"",""SIDO_NM"":""서울특별시"",""N100_LVNG_TFB_NM"":""성형외과의원"",""LST_ALT_DATA_MAAG_USER_ID"":""1"",""AGE_CNT_03"":""349"",""AGE_CNT_02"":""58"",""FRS_RGT_DATA_MAAG_PGM_ID"":""UTQMTDBA11"",""AGE_CNT_05"":""146"",""AGE_CNT_04"":""321"",""AGE_CNT_06"":""31"",""YR"":""2025"",""AVG_ASCD_MM_CNT"":4,""LST_ALT_DATA_MAAG_CL_CD"":""01"",""AGE_CNT_01"":""0"",""FRS_RGT_DATA_MAAG_CL_CD"":""01"",""LST_ALT_DTM"":""20260402110334"",""AVG_GIN_AMT"":245845.0,""PYR_CPR_AVG_GIN_AMT_INCR_RTE"":7.76,""FRS_RGT_DATA_MAAG_USER_ID"":""1"",""SIDO_CD"":""11"",""SGG_NM"":""합계"",""GIN_AMT_PCTL_RKG"":""90"",""THMA_STT_TBL_ID"":""TTQSNAI01T088712"",""INDC_ORDER"":435190,""TOTA_BMAN_CNT"":""905"",""PYR_CPR_TOT_BMAN_CNT_INCR_RTE"":4.62,""LST_ALT_DATA_MAAG_PGM_ID"":""UTQMTDBA11"",""SEX_CNT_01"":""846"",""AVG_ASCD_YM_CNT"":""88.251302"",""GIN_AMT_PCTL"":""228453681.60"",""SEX_CNT_02"":""59"",""SEX_CNT_03"":""0"",""N100_LVNG_TFB_CD"":""089"",""TOTA_BMAN_CNT_TEXT"":""905"",""AGE_CNT_10"":""0"",""AVG_ASCD_YY_CNT"":7},""message"":"""",""dc_ageDataList"":[{""VAL"":""0.0"",""CODE"":""01"",""LABEL"":""30세미만""},{""VAL"":""6.4"",""CODE"":""02"",""LABEL"":""30세이상""},{""VAL"":""38.6"",""CODE"":""03"",""LABEL"":""40세이상""},{""VAL"":""35.5"",""CODE"":""04"",""LABEL"":""50세이상""},{""VAL"":""16.1"",""CODE"":""05"",""LABEL"":""60세이상""},{""VAL"":""3.4"",""CODE"":""06"",""LABEL"":""70세이상""},{""VAL"":""0.0"",""CODE"":""10"",""LABEL"":""미상""}]}"
NTS_TASIS_LIVING_BUSINESS,090,신경정신과의원,2025,2024,2025,11,서울특별시,00000,합계,90661.0,7555.083333,5.31,766,3.1,11,1,533,233,"{""dc_sexDataList"":[{""VAL"":""69.6"",""CODE"":""01"",""LABEL"":""남자""},{""VAL"":""30.4"",""CODE"":""02"",""LABEL"":""여자""},{""VAL"":""0.0"",""CODE"":""03"",""LABEL"":""미상""}],""result"":""S"",""code"":"""",""dc_lvngTfbDetail"":{""SGG_CD"":""00000"",""FRS_RGT_DTM"":""20260402110334"",""SIDO_NM"":""서울특별시"",""N100_LVNG_TFB_NM"":""신경정신과의원"",""LST_ALT_DATA_MAAG_USER_ID"":""1"",""AGE_CNT_03"":""292"",""AGE_CNT_02"":""81"",""FRS_RGT_DATA_MAAG_PGM_ID"":""UTQMTDBA11"",""AGE_CNT_05"":""123"",""AGE_CNT_04"":""215"",""AGE_CNT_06"":""55"",""YR"":""2025"",""AVG_ASCD_MM_CNT"":1,""LST_ALT_DATA_MAAG_CL_CD"":""01"",""AGE_CNT_01"":""0"",""FRS_RGT_DATA_MAAG_CL_CD"":""01"",""LST_ALT_DTM"":""20260402110334"",""AVG_GIN_AMT"":90661.0,""PYR_CPR_AVG_GIN_AMT_INCR_RTE"":5.31,""FRS_RGT_DATA_MAAG_USER_ID"":""1"",""SIDO_CD"":""11"",""SGG_NM"":""합계"",""GIN_AMT_PCTL_RKG"":""90"",""THMA_STT_TBL_ID"":""TTQSNAI01T088712"",""INDC_ORDER"":438007,""TOTA_BMAN_CNT"":""766"",""PYR_CPR_TOT_BMAN_CNT_INCR_RTE"":3.1,""LST_ALT_DATA_MAAG_PGM_ID"":""UTQMTDBA11"",""SEX_CNT_01"":""533"",""AVG_ASCD_YM_CNT"":""133.924281"",""GIN_AMT_PCTL"":""249745635.80"",""SEX_CNT_02"":""233"",""SEX_CNT_03"":""0"",""N100_LVNG_TFB_CD"":""090"",""TOTA_BMAN_CNT_TEXT"":""766"",""AGE_CNT_10"":""0"",""AVG_ASCD_YY_CNT"":11},""message"":"""",""dc_ageDataList"":[{""VAL"":""0.0"",""CODE"":""01"",""LABEL"":""30세미만""},{""VAL"":""10.6"",""CODE"":""02"",""LABEL"":""30세이상""},{""VAL"":""38.1"",""CODE"":""03"",""LABEL"":""40세이상""},{""VAL"":""28.1"",""CODE"":""04"",""LABEL"":""50세이상""},{""VAL"":""16.1"",""CODE"":""05"",""LABEL"":""60세이상""},{""VAL"":""7.2"",""CODE"":""06"",""LABEL"":""70세이상""},{""VAL"":""0.0"",""CODE"":""10"",""LABEL"":""미상""}]}"
NTS_TASIS_LIVING_BUSINESS,091,안과의원,2025,2024,2025,11,서울특별시,00000,합계,226753.0,18896.083333,7.18,484,1.68,15,11,393,91,"{""dc_sexDataList"":[{""VAL"":""81.2"",""CODE"":""01"",""LABEL"":""남자""},{""VAL"":""18.8"",""CODE"":""02"",""LABEL"":""여자""},{""VAL"":""0.0"",""CODE"":""03"",""LABEL"":""미상""}],""result"":""S"",""code"":"""",""dc_lvngTfbDetail"":{""SGG_CD"":""00000"",""FRS_RGT_DTM"":""20260402110334"",""SIDO_NM"":""서울특별시"",""N100_LVNG_TFB_NM"":""안과의원"",""LST_ALT_DATA_MAAG_USER_ID"":""1"",""AGE_CNT_03"":""99"",""AGE_CNT_02"":""18"",""FRS_RGT_DATA_MAAG_PGM_ID"":""UTQMTDBA11"",""AGE_CNT_05"":""101"",""AGE_CNT_04"":""200"",""AGE_CNT_06"":""66"",""YR"":""2025"",""AVG_ASCD_MM_CNT"":11,""LST_ALT_DATA_MAAG_CL_CD"":""01"",""AGE_CNT_01"":""0"",""FRS_RGT_DATA_MAAG_CL_CD"":""01"",""LST_ALT_DTM"":""20260402110334"",""AVG_GIN_AMT"":226753.0,""PYR_CPR_AVG_GIN_AMT_INCR_RTE"":7.18,""FRS_RGT_DATA_MAAG_USER_ID"":""1"",""SIDO_CD"":""11"",""SGG_NM"":""합계"",""GIN_AMT_PCTL_RKG"":""90"",""THMA_STT_TBL_ID"":""TTQSNAI01T088712"",""INDC_ORDER"":442088,""TOTA_BMAN_CNT"":""484"",""PYR_CPR_TOT_BMAN_CNT_INCR_RTE"":1.68,""LST_ALT_DATA_MAAG_PGM_ID"":""UTQMTDBA11"",""SEX_CNT_01"":""393"",""AVG_ASCD_YM_CNT"":""191.016563"",""GIN_AMT_PCTL"":""254161583.40"",""SEX_CNT_02"":""91"",""SEX_CNT_03"":""0"",""N100_LVNG_TFB_CD"":""091"",""TOTA_BMAN_CNT_TEXT"":""484"",""AGE_CNT_10"":""0"",""AVG_ASCD_YY_CNT"":15},""message"":"""",""dc_ageDataList"":[{""VAL"":""0.0"",""CODE"":""01"",""LABEL"":""30세미만""},{""VAL"":""3.7"",""CODE"":""02"",""LABEL"":""30세이상""},{""VAL"":""20.5"",""CODE"":""03"",""LABEL"":""40세이상""},{""VAL"":""41.3"",""CODE"":""04"",""LABEL"":""50세이상""},{""VAL"":""20.9"",""CODE"":""05"",""LABEL"":""60세이상""},{""VAL"":""13.6"",""CODE"":""06"",""LABEL"":""70세이상""},{""VAL"":""0.0"",""CODE"":""10"",""LABEL"":""미상""}]}"
NTS_TASIS_LIVING_BUSINESS,092,이비인후과의원,2025,2024,2025,11,서울특별시,00000,합계,90613.0,7551.083333,-2.16,753,1.35,16,0,663,90,"{""dc_sexDataList"":[{""VAL"":""88.0"",""CODE"":""01"",""LABEL"":""남자""},{""VAL"":""12.0"",""CODE"":""02"",""LABEL"":""여자""},{""VAL"":""0.0"",""CODE"":""03"",""LABEL"":""미상""}],""result"":""S"",""code"":"""",""dc_lvngTfbDetail"":{""SGG_CD"":""00000"",""FRS_RGT_DTM"":""20260402110334"",""SIDO_NM"":""서울특별시"",""N100_LVNG_TFB_NM"":""이비인후과의원"",""LST_ALT_DATA_MAAG_USER_ID"":""1"",""AGE_CNT_03"":""219"",""AGE_CNT_02"":""59"",""FRS_RGT_DATA_MAAG_PGM_ID"":""UTQMTDBA11"",""AGE_CNT_05"":""149"",""AGE_CNT_04"":""251"",""AGE_CNT_06"":""75"",""YR"":""2025"",""AVG_ASCD_MM_CNT"":0,""LST_ALT_DATA_MAAG_CL_CD"":""01"",""AGE_CNT_01"":""0"",""FRS_RGT_DATA_MAAG_CL_CD"":""01"",""LST_ALT_DTM"":""20260402110334"",""AVG_GIN_AMT"":90613.0,""PYR_CPR_AVG_GIN_AMT_INCR_RTE"":-2.16,""FRS_RGT_DATA_MAAG_USER_ID"":""1"",""SIDO_CD"":""11"",""SGG_NM"":""합계"",""GIN_AMT_PCTL_RKG"":""90"",""THMA_STT_TBL_ID"":""TTQSNAI01T088712"",""INDC_ORDER"":446834,""TOTA_BMAN_CNT"":""753"",""PYR_CPR_TOT_BMAN_CNT_INCR_RTE"":1.35,""LST_ALT_DATA_MAAG_PGM_ID"":""UTQMTDBA11"",""SEX_CNT_01"":""663"",""AVG_ASCD_YM_CNT"":""192.787716"",""GIN_AMT_PCTL"":""291707542.00"",""SEX_CNT_02"":""90"",""SEX_CNT_03"":""0"",""N100_LVNG_TFB_CD"":""092"",""TOTA_BMAN_CNT_TEXT"":""753"",""AGE_CNT_10"":""0"",""AVG_ASCD_YY_CNT"":16},""message"":"""",""dc_ageDataList"":[{""VAL"":""0.0"",""CODE"":""01"",""LABEL"":""30세미만""},{""VAL"":""7.8"",""CODE"":""02"",""LABEL"":""30세이상""},{""VAL"":""29.1"",""CODE"":""03"",""LABEL"":""40세이상""},{""VAL"":""33.3"",""CODE"":""04"",""LABEL"":""50세이상""},{""VAL"":""19.8"",""CODE"":""05"",""LABEL"":""60세이상""},{""VAL"":""10.0"",""CODE"":""06"",""LABEL"":""70세이상""},{""VAL"":""0.0"",""CODE"":""10"",""LABEL"":""미상""}]}"
NTS_TASIS_LIVING_BUSINESS,093,일반외과의원,2025,2024,2025,11,서울특별시,00000,합계,208683.0,17390.25,6.98,1452,3.42,11,3,1373,79,"{""dc_sexDataList"":[{""VAL"":""94.6"",""CODE"":""01"",""LABEL"":""남자""},{""VAL"":""5.4"",""CODE"":""02"",""LABEL"":""여자""},{""VAL"":""0.0"",""CODE"":""03"",""LABEL"":""미상""}],""result"":""S"",""code"":"""",""dc_lvngTfbDetail"":{""SGG_CD"":""00000"",""FRS_RGT_DTM"":""20260402110334"",""SIDO_NM"":""서울특별시"",""N100_LVNG_TFB_NM"":""일반외과의원"",""LST_ALT_DATA_MAAG_USER_ID"":""1"",""AGE_CNT_03"":""538"",""AGE_CNT_02"":""105"",""FRS_RGT_DATA_MAAG_PGM_ID"":""UTQMTDBA11"",""AGE_CNT_05"":""292"",""AGE_CNT_04"":""420"",""AGE_CNT_06"":""97"",""YR"":""2025"",""AVG_ASCD_MM_CNT"":3,""LST_ALT_DATA_MAAG_CL_CD"":""01"",""AGE_CNT_01"":""0"",""FRS_RGT_DATA_MAAG_CL_CD"":""01"",""LST_ALT_DTM"":""20260402110334"",""AVG_GIN_AMT"":208683.0,""PYR_CPR_AVG_GIN_AMT_INCR_RTE"":6.98,""FRS_RGT_DATA_MAAG_USER_ID"":""1"",""SIDO_CD"":""11"",""SGG_NM"":""합계"",""GIN_AMT_PCTL_RKG"":""95"",""THMA_STT_TBL_ID"":""TTQSNAI01T088712"",""INDC_ORDER"":451140,""TOTA_BMAN_CNT"":""1452"",""PYR_CPR_TOT_BMAN_CNT_INCR_RTE"":3.42,""LST_ALT_DATA_MAAG_PGM_ID"":""UTQMTDBA11"",""SEX_CNT_01"":""1373"",""AVG_ASCD_YM_CNT"":""135.347615"",""GIN_AMT_PCTL"":""208806700.00"",""SEX_CNT_02"":""79"",""SEX_CNT_03"":""0"",""N100_LVNG_TFB_CD"":""093"",""TOTA_BMAN_CNT_TEXT"":""1452"",""AGE_CNT_10"":""0"",""AVG_ASCD_YY_CNT"":11},""message"":"""",""dc_ageDataList"":[{""VAL"":""0.0"",""CODE"":""01"",""LABEL"":""30세미만""},{""VAL"":""7.2"",""CODE"":""02"",""LABEL"":""30세이상""},{""VAL"":""37.1"",""CODE"":""03"",""LABEL"":""40세이상""},{""VAL"":""28.9"",""CODE"":""04"",""LABEL"":""50세이상""},{""VAL"":""20.1"",""CODE"":""05"",""LABEL"":""60세이상""},{""VAL"":""6.7"",""CODE"":""06"",""LABEL"":""70세이상""},{""VAL"":""0.0"",""CODE"":""10"",""LABEL"":""미상""}]}"
NTS_TASIS_LIVING_BUSINESS,094,종합병원,2025,2024,2025,11,서울특별시,00000,합계,1084440.0,90370.0,13.0,436,1.63,15,6,379,57,"{""dc_sexDataList"":[{""VAL"":""86.9"",""CODE"":""01"",""LABEL"":""남자""},{""VAL"":""13.1"",""CODE"":""02"",""LABEL"":""여자""},{""VAL"":""0.0"",""CODE"":""03"",""LABEL"":""미상""}],""result"":""S"",""code"":"""",""dc_lvngTfbDetail"":{""SGG_CD"":""00000"",""FRS_RGT_DTM"":""20260402110334"",""SIDO_NM"":""서울특별시"",""N100_LVNG_TFB_NM"":""종합병원"",""LST_ALT_DATA_MAAG_USER_ID"":""1"",""AGE_CNT_03"":""90"",""AGE_CNT_02"":""17"",""FRS_RGT_DATA_MAAG_PGM_ID"":""UTQMTDBA11"",""AGE_CNT_05"":""124"",""AGE_CNT_04"":""136"",""AGE_CNT_06"":""69"",""YR"":""2025"",""AVG_ASCD_MM_CNT"":6,""LST_ALT_DATA_MAAG_CL_CD"":""01"",""AGE_CNT_01"":""0"",""FRS_RGT_DATA_MAAG_CL_CD"":""01"",""LST_ALT_DTM"":""20260402110334"",""AVG_GIN_AMT"":1084440.0,""PYR_CPR_AVG_GIN_AMT_INCR_RTE"":13.0,""FRS_RGT_DATA_MAAG_USER_ID"":""1"",""SIDO_CD"":""11"",""SGG_NM"":""합계"",""GIN_AMT_PCTL_RKG"":""100"",""THMA_STT_TBL_ID"":""TTQSNAI01T088712"",""INDC_ORDER"":456160,""TOTA_BMAN_CNT"":""436"",""PYR_CPR_TOT_BMAN_CNT_INCR_RTE"":1.63,""LST_ALT_DATA_MAAG_PGM_ID"":""UTQMTDBA11"",""SEX_CNT_01"":""379"",""AVG_ASCD_YM_CNT"":""186.550458"",""GIN_AMT_PCTL"":""3319528.00"",""SEX_CNT_02"":""57"",""SEX_CNT_03"":""0"",""N100_LVNG_TFB_CD"":""094"",""TOTA_BMAN_CNT_TEXT"":""436"",""AGE_CNT_10"":""0"",""AVG_ASCD_YY_CNT"":15},""message"":"""",""dc_ageDataList"":[{""VAL"":""0.0"",""CODE"":""01"",""LABEL"":""30세미만""},{""VAL"":""3.9"",""CODE"":""02"",""LABEL"":""30세이상""},{""VAL"":""20.6"",""CODE"":""03"",""LABEL"":""40세이상""},{""VAL"":""31.2"",""CODE"":""04"",""LABEL"":""50세이상""},{""VAL"":""28.4"",""CODE"":""05"",""LABEL"":""60세이상""},{""VAL"":""15.8"",""CODE"":""06"",""LABEL"":""70세이상""},{""VAL"":""0.0"",""CODE"":""10"",""LABEL"":""미상""}]}"
NTS_TASIS_LIVING_BUSINESS,095,치과의원,2025,2024,2025,11,서울특별시,00000,합계,78539.0,6544.916667,6.16,4926,-0.28,15,5,3879,1047,"{""dc_sexDataList"":[{""VAL"":""78.7"",""CODE"":""01"",""LABEL"":""남자""},{""VAL"":""21.3"",""CODE"":""02"",""LABEL"":""여자""},{""VAL"":""0.0"",""CODE"":""03"",""LABEL"":""미상""}],""result"":""S"",""code"":"""",""dc_lvngTfbDetail"":{""SGG_CD"":""00000"",""FRS_RGT_DTM"":""20260402110334"",""SIDO_NM"":""서울특별시"",""N100_LVNG_TFB_NM"":""치과의원"",""LST_ALT_DATA_MAAG_USER_ID"":""1"",""AGE_CNT_03"":""1497"",""AGE_CNT_02"":""401"",""FRS_RGT_DATA_MAAG_PGM_ID"":""UTQMTDBA11"",""AGE_CNT_05"":""1116"",""AGE_CNT_04"":""1559"",""AGE_CNT_06"":""352"",""YR"":""2025"",""AVG_ASCD_MM_CNT"":5,""LST_ALT_DATA_MAAG_CL_CD"":""01"",""AGE_CNT_01"":""1"",""FRS_RGT_DATA_MAAG_CL_CD"":""01"",""LST_ALT_DTM"":""20260402110334"",""AVG_GIN_AMT"":78539.0,""PYR_CPR_AVG_GIN_AMT_INCR_RTE"":6.16,""FRS_RGT_DATA_MAAG_USER_ID"":""1"",""SIDO_CD"":""11"",""SGG_NM"":""합계"",""GIN_AMT_PCTL_RKG"":""80"",""THMA_STT_TBL_ID"":""TTQSNAI01T088712"",""INDC_ORDER"":460476,""TOTA_BMAN_CNT"":""4926"",""PYR_CPR_TOT_BMAN_CNT_INCR_RTE"":-0.28,""LST_ALT_DATA_MAAG_PGM_ID"":""UTQMTDBA11"",""SEX_CNT_01"":""3879"",""AVG_ASCD_YM_CNT"":""185.493621"",""GIN_AMT_PCTL"":""291620448.00"",""SEX_CNT_02"":""1047"",""SEX_CNT_03"":""0"",""N100_LVNG_TFB_CD"":""095"",""TOTA_BMAN_CNT_TEXT"":""4926"",""AGE_CNT_10"":""0"",""AVG_ASCD_YY_CNT"":15},""message"":"""",""dc_ageDataList"":[{""VAL"":""0.0"",""CODE"":""01"",""LABEL"":""30세미만""},{""VAL"":""8.1"",""CODE"":""02"",""LABEL"":""30세이상""},{""VAL"":""30.4"",""CODE"":""03"",""LABEL"":""40세이상""},{""VAL"":""31.6"",""CODE"":""04"",""LABEL"":""50세이상""},{""VAL"":""22.7"",""CODE"":""05"",""LABEL"":""60세이상""},{""VAL"":""7.1"",""CODE"":""06"",""LABEL"":""70세이상""},{""VAL"":""0.0"",""CODE"":""10"",""LABEL"":""미상""}]}"
NTS_TASIS_LIVING_BUSINESS,096,피부ㆍ비뇨기과의원,2025,2024,2025,11,서울특별시,00000,합계,174347.0,14528.916667,16.39,1945,9.52,7,11,1462,483,"{""dc_sexDataList"":[{""VAL"":""75.2"",""CODE"":""01"",""LABEL"":""남자""},{""VAL"":""24.8"",""CODE"":""02"",""LABEL"":""여자""},{""VAL"":""0.0"",""CODE"":""03"",""LABEL"":""미상""}],""result"":""S"",""code"":"""",""dc_lvngTfbDetail"":{""SGG_CD"":""00000"",""FRS_RGT_DTM"":""20260402110334"",""SIDO_NM"":""서울특별시"",""N100_LVNG_TFB_NM"":""피부ㆍ비뇨기과의원"",""LST_ALT_DATA_MAAG_USER_ID"":""1"",""AGE_CNT_03"":""722"",""AGE_CNT_02"":""369"",""FRS_RGT_DATA_MAAG_PGM_ID"":""UTQMTDBA11"",""AGE_CNT_05"":""241"",""AGE_CNT_04"":""468"",""AGE_CNT_06"":""126"",""YR"":""2025"",""AVG_ASCD_MM_CNT"":11,""LST_ALT_DATA_MAAG_CL_CD"":""01"",""AGE_CNT_01"":""19"",""FRS_RGT_DATA_MAAG_CL_CD"":""01"",""LST_ALT_DTM"":""20260402110334"",""AVG_GIN_AMT"":174347.0,""PYR_CPR_AVG_GIN_AMT_INCR_RTE"":16.39,""FRS_RGT_DATA_MAAG_USER_ID"":""1"",""SIDO_CD"":""11"",""SGG_NM"":""합계"",""GIN_AMT_PCTL_RKG"":""90"",""THMA_STT_TBL_ID"":""TTQSNAI01T088712"",""INDC_ORDER"":465645,""TOTA_BMAN_CNT"":""1945"",""PYR_CPR_TOT_BMAN_CNT_INCR_RTE"":9.52,""LST_ALT_DATA_MAAG_PGM_ID"":""UTQMTDBA11"",""SEX_CNT_01"":""1462"",""AVG_ASCD_YM_CNT"":""95.110584"",""GIN_AMT_PCTL"":""254085898.00"",""SEX_CNT_02"":""483"",""SEX_CNT_03"":""0"",""N100_LVNG_TFB_CD"":""096"",""TOTA_BMAN_CNT_TEXT"":""1945"",""AGE_CNT_10"":""0"",""AVG_ASCD_YY_CNT"":7},""message"":"""",""dc_ageDataList"":[{""VAL"":""1.0"",""CODE"":""01"",""LABEL"":""30세미만""},{""VAL"":""19.0"",""CODE"":""02"",""LABEL"":""30세이상""},{""VAL"":""37.1"",""CODE"":""03"",""LABEL"":""40세이상""},{""VAL"":""24.1"",""CODE"":""04"",""LABEL"":""50세이상""},{""VAL"":""12.4"",""CODE"":""05"",""LABEL"":""60세이상""},{""VAL"":""6.5"",""CODE"":""06"",""LABEL"":""70세이상""},{""VAL"":""0.0"",""CODE"":""10"",""LABEL"":""미상""}]}"
NTS_TASIS_LIVING_BUSINESS,097,한방병원ㆍ한의원,2025,2024,2025,11,서울특별시,00000,합계,58629.0,4885.75,10.35,3806,1.41,13,8,3070,734,"{""dc_sexDataList"":[{""VAL"":""80.7"",""CODE"":""01"",""LABEL"":""남자""},{""VAL"":""19.3"",""CODE"":""02"",""LABEL"":""여자""},{""VAL"":""0.1"",""CODE"":""03"",""LABEL"":""미상""}],""result"":""S"",""code"":"""",""dc_lvngTfbDetail"":{""SGG_CD"":""00000"",""FRS_RGT_DTM"":""20260402110334"",""SIDO_NM"":""서울특별시"",""N100_LVNG_TFB_NM"":""한방병원ㆍ한의원"",""LST_ALT_DATA_MAAG_USER_ID"":""1"",""AGE_CNT_03"":""1074"",""AGE_CNT_02"":""714"",""FRS_RGT_DATA_MAAG_PGM_ID"":""UTQMTDBA11"",""AGE_CNT_05"":""564"",""AGE_CNT_04"":""1230"",""AGE_CNT_06"":""212"",""YR"":""2025"",""AVG_ASCD_MM_CNT"":8,""LST_ALT_DATA_MAAG_CL_CD"":""01"",""AGE_CNT_01"":""10"",""FRS_RGT_DATA_MAAG_CL_CD"":""01"",""LST_ALT_DTM"":""20260402110334"",""AVG_GIN_AMT"":58629.0,""PYR_CPR_AVG_GIN_AMT_INCR_RTE"":10.35,""FRS_RGT_DATA_MAAG_USER_ID"":""1"",""SIDO_CD"":""11"",""SGG_NM"":""합계"",""GIN_AMT_PCTL_RKG"":""55"",""THMA_STT_TBL_ID"":""TTQSNAI01T088712"",""INDC_ORDER"":469881,""TOTA_BMAN_CNT"":""3806"",""PYR_CPR_TOT_BMAN_CNT_INCR_RTE"":1.41,""LST_ALT_DATA_MAAG_PGM_ID"":""UTQMTDBA11"",""SEX_CNT_01"":""3070"",""AVG_ASCD_YM_CNT"":""164.245113"",""GIN_AMT_PCTL"":""281715214.85"",""SEX_CNT_02"":""734"",""SEX_CNT_03"":""2"",""N100_LVNG_TFB_CD"":""097"",""TOTA_BMAN_CNT_TEXT"":""3806"",""AGE_CNT_10"":""2"",""AVG_ASCD_YY_CNT"":13},""message"":"""",""dc_ageDataList"":[{""VAL"":""0.3"",""CODE"":""01"",""LABEL"":""30세미만""},{""VAL"":""18.8"",""CODE"":""02"",""LABEL"":""30세이상""},{""VAL"":""28.2"",""CODE"":""03"",""LABEL"":""40세이상""},{""VAL"":""32.3"",""CODE"":""04"",""LABEL"":""50세이상""},{""VAL"":""14.8"",""CODE"":""05"",""LABEL"":""60세이상""},{""VAL"":""5.6"",""CODE"":""06"",""LABEL"":""70세이상""},{""VAL"":""0.1"",""CODE"":""10"",""LABEL"":""미상""}]}"
NTS_TASIS_LIVING_BUSINESS,098,간판광고물업,2025,2024,2025,11,서울특별시,00000,합계,18001.0,1500.083333,-2.49,2252,-2.85,18,1,1836,416,"{""dc_sexDataList"":[{""VAL"":""81.5"",""CODE"":""01"",""LABEL"":""남자""},{""VAL"":""18.5"",""CODE"":""02"",""LABEL"":""여자""},{""VAL"":""0.0"",""CODE"":""03"",""LABEL"":""미상""}],""result"":""S"",""code"":"""",""dc_lvngTfbDetail"":{""SGG_CD"":""00000"",""FRS_RGT_DTM"":""20260402110334"",""SIDO_NM"":""서울특별시"",""N100_LVNG_TFB_NM"":""간판광고물업"",""LST_ALT_DATA_MAAG_USER_ID"":""1"",""AGE_CNT_03"":""320"",""AGE_CNT_02"":""71"",""FRS_RGT_DATA_MAAG_PGM_ID"":""UTQMTDBA11"",""AGE_CNT_05"":""794"",""AGE_CNT_04"":""868"",""AGE_CNT_06"":""194"",""YR"":""2025"",""AVG_ASCD_MM_CNT"":1,""LST_ALT_DATA_MAAG_CL_CD"":""01"",""AGE_CNT_01"":""5"",""FRS_RGT_DATA_MAAG_CL_CD"":""01"",""LST_ALT_DTM"":""20260402110334"",""AVG_GIN_AMT"":18001.0,""PYR_CPR_AVG_GIN_AMT_INCR_RTE"":-2.49,""FRS_RGT_DATA_MAAG_USER_ID"":""1"",""SIDO_CD"":""11"",""SGG_NM"":""합계"",""GIN_AMT_PCTL_RKG"":""20"",""THMA_STT_TBL_ID"":""TTQSNAI01T088712"",""INDC_ORDER"":475041,""TOTA_BMAN_CNT"":""2252"",""PYR_CPR_TOT_BMAN_CNT_INCR_RTE"":-2.85,""LST_ALT_DATA_MAAG_PGM_ID"":""UTQMTDBA11"",""SEX_CNT_01"":""1836"",""AVG_ASCD_YM_CNT"":""217.705882"",""GIN_AMT_PCTL"":""253580329.00"",""SEX_CNT_02"":""416"",""SEX_CNT_03"":""0"",""N100_LVNG_TFB_CD"":""098"",""TOTA_BMAN_CNT_TEXT"":""2252"",""AGE_CNT_10"":""0"",""AVG_ASCD_YY_CNT"":18},""message"":"""",""dc_ageDataList"":[{""VAL"":""0.2"",""CODE"":""01"",""LABEL"":""30세미만""},{""VAL"":""3.2"",""CODE"":""02"",""LABEL"":""30세이상""},{""VAL"":""14.2"",""CODE"":""03"",""LABEL"":""40세이상""},{""VAL"":""38.5"",""CODE"":""04"",""LABEL"":""50세이상""},{""VAL"":""35.3"",""CODE"":""05"",""LABEL"":""60세이상""},{""VAL"":""8.6"",""CODE"":""06"",""LABEL"":""70세이상""},{""VAL"":""0.0"",""CODE"":""10"",""LABEL"":""미상""}]}"
NTS_TASIS_LIVING_BUSINESS,099,실내장식가게,2025,2024,2025,11,서울특별시,00000,합계,21545.0,1795.416667,0.11,17520,2.07,7,8,13422,4095,"{""dc_sexDataList"":[{""VAL"":""76.6"",""CODE"":""01"",""LABEL"":""남자""},{""VAL"":""23.4"",""CODE"":""02"",""LABEL"":""여자""},{""VAL"":""0.0"",""CODE"":""03"",""LABEL"":""미상""}],""result"":""S"",""code"":"""",""dc_lvngTfbDetail"":{""SGG_CD"":""00000"",""FRS_RGT_DTM"":""20260402110334"",""SIDO_NM"":""서울특별시"",""N100_LVNG_TFB_NM"":""실내장식가게"",""LST_ALT_DATA_MAAG_USER_ID"":""1"",""AGE_CNT_03"":""4359"",""AGE_CNT_02"":""2193"",""FRS_RGT_DATA_MAAG_PGM_ID"":""UTQMTDBA11"",""AGE_CNT_05"":""3615"",""AGE_CNT_04"":""6169"",""AGE_CNT_06"":""790"",""YR"":""2025"",""AVG_ASCD_MM_CNT"":8,""LST_ALT_DATA_MAAG_CL_CD"":""01"",""AGE_CNT_01"":""391"",""FRS_RGT_DATA_MAAG_CL_CD"":""01"",""LST_ALT_DTM"":""20260402110334"",""AVG_GIN_AMT"":21545.0,""PYR_CPR_AVG_GIN_AMT_INCR_RTE"":0.11,""FRS_RGT_DATA_MAAG_USER_ID"":""1"",""SIDO_CD"":""11"",""SGG_NM"":""합계"",""GIN_AMT_PCTL_RKG"":""25"",""THMA_STT_TBL_ID"":""TTQSNAI01T088712"",""INDC_ORDER"":480209,""TOTA_BMAN_CNT"":""17520"",""PYR_CPR_TOT_BMAN_CNT_INCR_RTE"":2.07,""LST_ALT_DATA_MAAG_PGM_ID"":""UTQMTDBA11"",""SEX_CNT_01"":""13422"",""AVG_ASCD_YM_CNT"":""92.851699"",""GIN_AMT_PCTL"":""251810728.00"",""SEX_CNT_02"":""4095"",""SEX_CNT_03"":""3"",""N100_LVNG_TFB_CD"":""099"",""TOTA_BMAN_CNT_TEXT"":""17520"",""AGE_CNT_10"":""3"",""AVG_ASCD_YY_CNT"":7},""message"":"""",""dc_ageDataList"":[{""VAL"":""2.2"",""CODE"":""01"",""LABEL"":""30세미만""},{""VAL"":""12.5"",""CODE"":""02"",""LABEL"":""30세이상""},{""VAL"":""24.9"",""CODE"":""03"",""LABEL"":""40세이상""},{""VAL"":""35.2"",""CODE"":""04"",""LABEL"":""50세이상""},{""VAL"":""20.6"",""CODE"":""05"",""LABEL"":""60세이상""},{""VAL"":""4.5"",""CODE"":""06"",""LABEL"":""70세이상""},{""VAL"":""0.0"",""CODE"":""10"",""LABEL"":""미상""}]}"
NTS_TASIS_LIVING_BUSINESS,100,주차장운영업,2025,2024,2025,11,서울특별시,00000,합계,8722.0,726.833333,2.61,2182,2.63,9,1,1620,484,"{""dc_sexDataList"":[{""VAL"":""74.2"",""CODE"":""01"",""LABEL"":""남자""},{""VAL"":""22.2"",""CODE"":""02"",""LABEL"":""여자""},{""VAL"":""3.6"",""CODE"":""03"",""LABEL"":""미상""}],""result"":""S"",""code"":"""",""dc_lvngTfbDetail"":{""SGG_CD"":""00000"",""FRS_RGT_DTM"":""20260402110334"",""SIDO_NM"":""서울특별시"",""N100_LVNG_TFB_NM"":""주차장운영업"",""LST_ALT_DATA_MAAG_USER_ID"":""1"",""AGE_CNT_03"":""315"",""AGE_CNT_02"":""81"",""FRS_RGT_DATA_MAAG_PGM_ID"":""UTQMTDBA11"",""AGE_CNT_05"":""633"",""AGE_CNT_04"":""576"",""AGE_CNT_06"":""473"",""YR"":""2025"",""AVG_ASCD_MM_CNT"":1,""LST_ALT_DATA_MAAG_CL_CD"":""01"",""AGE_CNT_01"":""26"",""FRS_RGT_DATA_MAAG_CL_CD"":""01"",""LST_ALT_DTM"":""20260402110334"",""AVG_GIN_AMT"":8722.0,""PYR_CPR_AVG_GIN_AMT_INCR_RTE"":2.61,""FRS_RGT_DATA_MAAG_USER_ID"":""1"",""SIDO_CD"":""11"",""SGG_NM"":""합계"",""GIN_AMT_PCTL_RKG"":""5"",""THMA_STT_TBL_ID"":""TTQSNAI01T088712"",""INDC_ORDER"":485372,""TOTA_BMAN_CNT"":""2182"",""PYR_CPR_TOT_BMAN_CNT_INCR_RTE"":2.63,""LST_ALT_DATA_MAAG_PGM_ID"":""UTQMTDBA11"",""SEX_CNT_01"":""1620"",""AVG_ASCD_YM_CNT"":""109.655124"",""GIN_AMT_PCTL"":""289633707.10"",""SEX_CNT_02"":""484"",""SEX_CNT_03"":""78"",""N100_LVNG_TFB_CD"":""100"",""TOTA_BMAN_CNT_TEXT"":""2182"",""AGE_CNT_10"":""78"",""AVG_ASCD_YY_CNT"":9},""message"":"""",""dc_ageDataList"":[{""VAL"":""1.2"",""CODE"":""01"",""LABEL"":""30세미만""},{""VAL"":""3.7"",""CODE"":""02"",""LABEL"":""30세이상""},{""VAL"":""14.4"",""CODE"":""03"",""LABEL"":""40세이상""},{""VAL"":""26.4"",""CODE"":""04"",""LABEL"":""50세이상""},{""VAL"":""29.0"",""CODE"":""05"",""LABEL"":""60세이상""},{""VAL"":""21.7"",""CODE"":""06"",""LABEL"":""70세이상""},{""VAL"":""3.6"",""CODE"":""10"",""LABEL"":""미상""}]}"
